Filename,Preview Shape,Columns
/Users/gyeongmincho/Project/DataScience-2025/data/else/시군구 연령별 취업자 및 고용률.csv,"(5, 29)","['행정구역별', '연령별', '항목', '단위', '2013.1/2', '2013.2/2', '2014.1/2', '2014.2/2', '2015.1/2', '2015.2/2', '2016.1/2', '2016.2/2', '2017.1/2', '2017.2/2', '2018.1/2', '2018.2/2', '2019.1/2', '2019.2/2', '2020.1/2', '2020.2/2', '2021.1/2', '2021.2/2', '2022.1/2', '2022.2/2', '2023.1/2', '2023.2/2', '2024.1/2', '2024.2/2', 'Unnamed: 28']"
/Users/gyeongmincho/Project/DataScience-2025/data/else/시도별 지역내총생산.csv,"(5, 44)","['시도별', '경제활동별', '항목', '단위', '1985 년', '1986 년', '1987 년', '1988 년', '1989 년', '1990 년', '1991 년', '1992 년', '1993 년', '1994 년', '1995 년', '1996 년', '1997 년', '1998 년', '1999 년', '2000 년', '2001 년', '2002 년', '2003 년', '2004 년', '2005 년', '2006 년', '2007 년', '2008 년', '2009 년', '2010 년', '2011 년', '2012 년', '2013 년', '2014 년', '2015 년', '2016 년', '2017 년', '2018 년', '2019 년', '2020 년', '2021 년', '2022 년', '2023 년', 'Unnamed: 43']"
/Users/gyeongmincho/Project/DataScience-2025/data/supply/미분양주택현황보고_시·군·구별 미분양현황 (13~16).csv,"(5, 4)","['월(Monthly)', '구분', '시군구', '미분양현황']"
/Users/gyeongmincho/Project/DataScience-2025/data/supply/미분양주택현황보고_시·군·구별 미분양현황 (05~08).csv,"(5, 4)","['월(Monthly)', '구분', '시군구', '미분양현황']"
/Users/gyeongmincho/Project/DataScience-2025/data/supply/한국부동산원_주택공급정보_입주예정물량정보_20241231.csv,"(5, 6)","['연월', '지역', '사업유형', '주소', '주택명', '세대수']"
/Users/gyeongmincho/Project/DataScience-2025/data/supply/시도별 건축착공현황.csv,"(5, 180)","['시도명', '용도별', '용도별(상세)', '구분', '레벨01', '항목', '단위', '2011.01 월', '2011.02 월', '2011.03 월', '2011.04 월', '2011.05 월', '2011.06 월', '2011.07 월', '2011.08 월', '2011.09 월', '2011.10 월', '2011.11 월', '2011.12 월', '2012.01 월', '2012.02 월', '2012.03 월', '2012.04 월', '2012.05 월', '2012.06 월', '2012.07 월', '2012.08 월', '2012.09 월', '2012.10 월', '2012.11 월', '2012.12 월', '2013.01 월', '2013.02 월', '2013.03 월', '2013.04 월', '2013.05 월', '2013.06 월', '2013.07 월', '2013.08 월', '2013.09 월', '2013.10 월', '2013.11 월', '2013.12 월', '2014.01 월', '2014.02 월', '2014.03 월', '2014.04 월', '2014.05 월', '2014.06 월', '2014.07 월', '2014.08 월', '2014.09 월', '2014.10 월', '2014.11 월', '2014.12 월', '2015.01 월', '2015.02 월', '2015.03 월', '2015.04 월', '2015.05 월', '2015.06 월', '2015.07 월', '2015.08 월', '2015.09 월', '2015.10 월', '2015.11 월', '2015.12 월', '2016.01 월', '2016.02 월', '2016.03 월', '2016.04 월', '2016.05 월', '2016.06 월', '2016.07 월', '2016.08 월', '2016.09 월', '2016.10 월', '2016.11 월', '2016.12 월', '2017.01 월', '2017.02 월', '2017.03 월', '2017.04 월', '2017.05 월', '2017.06 월', '2017.07 월', '2017.08 월', '2017.09 월', '2017.10 월', '2017.11 월', '2017.12 월', '2018.01 월', '2018.02 월', '2018.03 월', '2018.04 월', '2018.05 월', '2018.06 월', '2018.07 월', '2018.08 월', '2018.09 월', '2018.10 월', '2018.11 월', '2018.12 월', '2019.01 월', '2019.02 월', '2019.03 월', '2019.04 월', '2019.05 월', '2019.06 월', '2019.07 월', '2019.08 월', '2019.09 월', '2019.10 월', '2019.11 월', '2019.12 월', '2020.01 월', '2020.02 월', '2020.03 월', '2020.04 월', '2020.05 월', '2020.06 월', '2020.07 월', '2020.08 월', '2020.09 월', '2020.10 월', '2020.11 월', '2020.12 월', '2021.01 월', '2021.02 월', '2021.03 월', '2021.04 월', '2021.05 월', '2021.06 월', '2021.07 월', '2021.08 월', '2021.09 월', '2021.10 월', '2021.11 월', '2021.12 월', '2022.01 월', '2022.02 월', '2022.03 월', '2022.04 월', '2022.05 월', '2022.06 월', '2022.07 월', '2022.08 월', '2022.09 월', '2022.10 월', '2022.11 월', '2022.12 월', '2023.01 월', '2023.02 월', '2023.03 월', '2023.04 월', '2023.05 월', '2023.06 월', '2023.07 월', '2023.08 월', '2023.09 월', '2023.10 월', '2023.11 월', '2023.12 월', '2024.01 월', '2024.02 월', '2024.03 월', '2024.04 월', '2024.05 월', '2024.06 월', '2024.07 월', '2024.08 월', '2024.09 월', '2024.10 월', '2024.11 월', '2024.12 월', '2025.01 월', '2025.02 월', '2025.03 월', '2025.04 월', 'Unnamed: 179']"
/Users/gyeongmincho/Project/DataScience-2025/data/supply/미분양주택현황보고_시·군·구별 미분양현황 (21~24).csv,"(5, 4)","['월(Monthly)', '구분', '시군구', '미분양현황']"
/Users/gyeongmincho/Project/DataScience-2025/data/supply/미분양주택현황.csv,"(5, 229)","['No', '분류', '분류.1', '2025년 3월', '2025년 2월', '2025년 1월', '2024년 12월', '2024년 11월', '2024년 10월', '2024년 9월', '2024년 8월', '2024년 7월', '2024년 6월', '2024년 5월', '2024년 4월', '2024년 3월', '2024년 2월', '2024년 1월', '2023년 12월', '2023년 11월', '2023년 10월', '2023년 9월', '2023년 8월', '2023년 7월', '2023년 6월', '2023년 5월', '2023년 4월', '2023년 3월', '2023년 2월', '2023년 1월', '2022년 12월', '2022년 11월', '2022년 10월', '2022년 9월', '2022년 8월', '2022년 7월', '2022년 6월', '2022년 5월', '2022년 4월', '2022년 3월', '2022년 2월', '2022년 1월', '2021년 12월', '2021년 11월', '2021년 10월', '2021년 9월', '2021년 8월', '2021년 7월', '2021년 6월', '2021년 5월', '2021년 4월', '2021년 3월', '2021년 2월', '2021년 1월', '2020년 12월', '2020년 11월', '2020년 10월', '2020년 9월', '2020년 8월', '2020년 7월', '2020년 6월', '2020년 5월', '2020년 4월', '2020년 3월', '2020년 2월', '2020년 1월', '2019년 12월', '2019년 11월', '2019년 10월', '2019년 9월', '2019년 8월', '2019년 7월', '2019년 6월', '2019년 5월', '2019년 4월', '2019년 3월', '2019년 2월', '2019년 1월', '2018년 12월', '2018년 11월', '2018년 10월', '2018년 9월', '2018년 8월', '2018년 7월', '2018년 6월', '2018년 5월', '2018년 4월', '2018년 3월', '2018년 2월', '2018년 1월', '2017년 12월', '2017년 11월', '2017년 10월', '2017년 9월', '2017년 8월', '2017년 7월', '2017년 6월', '2017년 5월', '2017년 4월', '2017년 3월', '2017년 2월', '2017년 1월', '2016년 12월', '2016년 11월', '2016년 10월', '2016년 9월', '2016년 8월', '2016년 7월', '2016년 6월', '2016년 5월', '2016년 4월', '2016년 3월', '2016년 2월', '2016년 1월', '2015년 12월', '2015년 11월', '2015년 10월', '2015년 9월', '2015년 8월', '2015년 7월', '2015년 6월', '2015년 5월', '2015년 4월', '2015년 3월', '2015년 2월', '2015년 1월', '2014년 12월', '2014년 11월', '2014년 10월', '2014년 9월', '2014년 8월', '2014년 7월', '2014년 6월', '2014년 5월', '2014년 4월', '2014년 3월', '2014년 2월', '2014년 1월', '2013년 12월', '2013년 11월', '2013년 10월', '2013년 9월', '2013년 8월', '2013년 7월', '2013년 6월', '2013년 5월', '2013년 4월', '2013년 3월', '2013년 2월', '2013년 1월', '2012년 12월', '2012년 11월', '2012년 10월', '2012년 9월', '2012년 8월', '2012년 7월', '2012년 6월', '2012년 5월', '2012년 4월', '2012년 3월', '2012년 2월', '2012년 1월', '2011년 12월', '2011년 11월', '2011년 10월', '2011년 9월', '2011년 8월', '2011년 7월', '2011년 6월', '2011년 5월', '2011년 4월', '2011년 3월', '2011년 2월', '2011년 1월', '2010년 12월', '2010년 11월', '2010년 10월', '2010년 9월', '2010년 8월', '2010년 7월', '2010년 6월', '2010년 5월', '2010년 4월', '2010년 3월', '2010년 2월', '2010년 1월', '2009년 12월', '2009년 11월', '2009년 10월', '2009년 9월', '2009년 8월', '2009년 7월', '2009년 6월', '2009년 5월', '2009년 4월', '2009년 3월', '2009년 2월', '2009년 1월', '2008년 12월', '2008년 11월', '2008년 10월', '2008년 9월', '2008년 8월', '2008년 7월', '2008년 6월', '2008년 5월', '2008년 4월', '2008년 3월', '2008년 2월', '2008년 1월', '2007년 12월', '2007년 11월', '2007년 10월', '2007년 9월', '2007년 8월', '2007년 7월', '2007년 6월', '2007년 5월', '2007년 4월', '2007년 3월', '2007년 2월', '2007년 1월', '2006년 12월', '2005년 12월', '2004년 12월', '2003년 12월', '2002년 12월', '2001년 12월', '2000년 12월']"
/Users/gyeongmincho/Project/DataScience-2025/data/supply/미분양주택현황보고_시·군·구별 미분양현황 (09~12) .csv,"(5, 4)","['월(Monthly)', '구분', '시군구', '미분양현황']"
/Users/gyeongmincho/Project/DataScience-2025/data/supply/미분양주택현황보고_시·군·구별 미분양현황 (17~20).csv,"(5, 4)","['월(Monthly)', '구분', '시군구', '미분양현황']"
/Users/gyeongmincho/Project/DataScience-2025/data/supply/미분양주택현황보고_시·군·구별 미분양현황 (00~04).csv,"(5, 4)","['월(Monthly)', '구분', '시군구', '미분양현황']"
/Users/gyeongmincho/Project/DataScience-2025/data/transactions/(월) 전세가격지수_아파트.csv,"(5, 521)","['No', '분류', '분류.1', '분류.2', '분류.3', '2003년 11월', '2003년 11월.1', '2003년 12월', '2003년 12월.1', '2004년 1월', '2004년 1월.1', '2004년 2월', '2004년 2월.1', '2004년 3월', '2004년 3월.1', '2004년 4월', '2004년 4월.1', '2004년 5월', '2004년 5월.1', '2004년 6월', '2004년 6월.1', '2004년 7월', '2004년 7월.1', '2004년 8월', '2004년 8월.1', '2004년 9월', '2004년 9월.1', '2004년 10월', '2004년 10월.1', '2004년 11월', '2004년 11월.1', '2004년 12월', '2004년 12월.1', '2005년 1월', '2005년 1월.1', '2005년 2월', '2005년 2월.1', '2005년 3월', '2005년 3월.1', '2005년 4월', '2005년 4월.1', '2005년 5월', '2005년 5월.1', '2005년 6월', '2005년 6월.1', '2005년 7월', '2005년 7월.1', '2005년 8월', '2005년 8월.1', '2005년 9월', '2005년 9월.1', '2005년 10월', '2005년 10월.1', '2005년 11월', '2005년 11월.1', '2005년 12월', '2005년 12월.1', '2006년 1월', '2006년 1월.1', '2006년 2월', '2006년 2월.1', '2006년 3월', '2006년 3월.1', '2006년 4월', '2006년 4월.1', '2006년 5월', '2006년 5월.1', '2006년 6월', '2006년 6월.1', '2006년 7월', '2006년 7월.1', '2006년 8월', '2006년 8월.1', '2006년 9월', '2006년 9월.1', '2006년 10월', '2006년 10월.1', '2006년 11월', '2006년 11월.1', '2006년 12월', '2006년 12월.1', '2007년 1월', '2007년 1월.1', '2007년 2월', '2007년 2월.1', '2007년 3월', '2007년 3월.1', '2007년 4월', '2007년 4월.1', '2007년 5월', '2007년 5월.1', '2007년 6월', '2007년 6월.1', '2007년 7월', '2007년 7월.1', '2007년 8월', '2007년 8월.1', '2007년 9월', '2007년 9월.1', '2007년 10월', '2007년 10월.1', '2007년 11월', '2007년 11월.1', '2007년 12월', '2007년 12월.1', '2008년 1월', '2008년 1월.1', '2008년 2월', '2008년 2월.1', '2008년 3월', '2008년 3월.1', '2008년 4월', '2008년 4월.1', '2008년 5월', '2008년 5월.1', '2008년 6월', '2008년 6월.1', '2008년 7월', '2008년 7월.1', '2008년 8월', '2008년 8월.1', '2008년 9월', '2008년 9월.1', '2008년 10월', '2008년 10월.1', '2008년 11월', '2008년 11월.1', '2008년 12월', '2008년 12월.1', '2009년 1월', '2009년 1월.1', '2009년 2월', '2009년 2월.1', '2009년 3월', '2009년 3월.1', '2009년 4월', '2009년 4월.1', '2009년 5월', '2009년 5월.1', '2009년 6월', '2009년 6월.1', '2009년 7월', '2009년 7월.1', '2009년 8월', '2009년 8월.1', '2009년 9월', '2009년 9월.1', '2009년 10월', '2009년 10월.1', '2009년 11월', '2009년 11월.1', '2009년 12월', '2009년 12월.1', '2010년 1월', '2010년 1월.1', '2010년 2월', '2010년 2월.1', '2010년 3월', '2010년 3월.1', '2010년 4월', '2010년 4월.1', '2010년 5월', '2010년 5월.1', '2010년 6월', '2010년 6월.1', '2010년 7월', '2010년 7월.1', '2010년 8월', '2010년 8월.1', '2010년 9월', '2010년 9월.1', '2010년 10월', '2010년 10월.1', '2010년 11월', '2010년 11월.1', '2010년 12월', '2010년 12월.1', '2011년 1월', '2011년 1월.1', '2011년 2월', '2011년 2월.1', '2011년 3월', '2011년 3월.1', '2011년 4월', '2011년 4월.1', '2011년 5월', '2011년 5월.1', '2011년 6월', '2011년 6월.1', '2011년 7월', '2011년 7월.1', '2011년 8월', '2011년 8월.1', '2011년 9월', '2011년 9월.1', '2011년 10월', '2011년 10월.1', '2011년 11월', '2011년 11월.1', '2011년 12월', '2011년 12월.1', '2012년 1월', '2012년 1월.1', '2012년 2월', '2012년 2월.1', '2012년 3월', '2012년 3월.1', '2012년 4월', '2012년 4월.1', '2012년 5월', '2012년 5월.1', '2012년 6월', '2012년 6월.1', '2012년 7월', '2012년 7월.1', '2012년 8월', '2012년 8월.1', '2012년 9월', '2012년 9월.1', '2012년 10월', '2012년 10월.1', '2012년 11월', '2012년 11월.1', '2012년 12월', '2012년 12월.1', '2013년 1월', '2013년 1월.1', '2013년 2월', '2013년 2월.1', '2013년 3월', '2013년 3월.1', '2013년 4월', '2013년 4월.1', '2013년 5월', '2013년 5월.1', '2013년 6월', '2013년 6월.1', '2013년 7월', '2013년 7월.1', '2013년 8월', '2013년 8월.1', '2013년 9월', '2013년 9월.1', '2013년 10월', '2013년 10월.1', '2013년 11월', '2013년 11월.1', '2013년 12월', '2013년 12월.1', '2014년 1월', '2014년 1월.1', '2014년 2월', '2014년 2월.1', '2014년 3월', '2014년 3월.1', '2014년 4월', '2014년 4월.1', '2014년 5월', '2014년 5월.1', '2014년 6월', '2014년 6월.1', '2014년 7월', '2014년 7월.1', '2014년 8월', '2014년 8월.1', '2014년 9월', '2014년 9월.1', '2014년 10월', '2014년 10월.1', '2014년 11월', '2014년 11월.1', '2014년 12월', '2014년 12월.1', '2015년 1월', '2015년 1월.1', '2015년 2월', '2015년 2월.1', '2015년 3월', '2015년 3월.1', '2015년 4월', '2015년 4월.1', '2015년 5월', '2015년 5월.1', '2015년 6월', '2015년 6월.1', '2015년 7월', '2015년 7월.1', '2015년 8월', '2015년 8월.1', '2015년 9월', '2015년 9월.1', '2015년 10월', '2015년 10월.1', '2015년 11월', '2015년 11월.1', '2015년 12월', '2015년 12월.1', '2016년 1월', '2016년 1월.1', '2016년 2월', '2016년 2월.1', '2016년 3월', '2016년 3월.1', '2016년 4월', '2016년 4월.1', '2016년 5월', '2016년 5월.1', '2016년 6월', '2016년 6월.1', '2016년 7월', '2016년 7월.1', '2016년 8월', '2016년 8월.1', '2016년 9월', '2016년 9월.1', '2016년 10월', '2016년 10월.1', '2016년 11월', '2016년 11월.1', '2016년 12월', '2016년 12월.1', '2017년 1월', '2017년 1월.1', '2017년 2월', '2017년 2월.1', '2017년 3월', '2017년 3월.1', '2017년 4월', '2017년 4월.1', '2017년 5월', '2017년 5월.1', '2017년 6월', '2017년 6월.1', '2017년 7월', '2017년 7월.1', '2017년 8월', '2017년 8월.1', '2017년 9월', '2017년 9월.1', '2017년 10월', '2017년 10월.1', '2017년 11월', '2017년 11월.1', '2017년 12월', '2017년 12월.1', '2018년 1월', '2018년 1월.1', '2018년 2월', '2018년 2월.1', '2018년 3월', '2018년 3월.1', '2018년 4월', '2018년 4월.1', '2018년 5월', '2018년 5월.1', '2018년 6월', '2018년 6월.1', '2018년 7월', '2018년 7월.1', '2018년 8월', '2018년 8월.1', '2018년 9월', '2018년 9월.1', '2018년 10월', '2018년 10월.1', '2018년 11월', '2018년 11월.1', '2018년 12월', '2018년 12월.1', '2019년 1월', '2019년 1월.1', '2019년 2월', '2019년 2월.1', '2019년 3월', '2019년 3월.1', '2019년 4월', '2019년 4월.1', '2019년 5월', '2019년 5월.1', '2019년 6월', '2019년 6월.1', '2019년 7월', '2019년 7월.1', '2019년 8월', '2019년 8월.1', '2019년 9월', '2019년 9월.1', '2019년 10월', '2019년 10월.1', '2019년 11월', '2019년 11월.1', '2019년 12월', '2019년 12월.1', '2020년 1월', '2020년 1월.1', '2020년 2월', '2020년 2월.1', '2020년 3월', '2020년 3월.1', '2020년 4월', '2020년 4월.1', '2020년 5월', '2020년 5월.1', '2020년 6월', '2020년 6월.1', '2020년 7월', '2020년 7월.1', '2020년 8월', '2020년 8월.1', '2020년 9월', '2020년 9월.1', '2020년 10월', '2020년 10월.1', '2020년 11월', '2020년 11월.1', '2020년 12월', '2020년 12월.1', '2021년 1월', '2021년 1월.1', '2021년 2월', '2021년 2월.1', '2021년 3월', '2021년 3월.1', '2021년 4월', '2021년 4월.1', '2021년 5월', '2021년 5월.1', '2021년 6월', '2021년 6월.1', '2021년 7월', '2021년 7월.1', '2021년 8월', '2021년 8월.1', '2021년 9월', '2021년 9월.1', '2021년 10월', '2021년 10월.1', '2021년 11월', '2021년 11월.1', '2021년 12월', '2021년 12월.1', '2022년 1월', '2022년 1월.1', '2022년 2월', '2022년 2월.1', '2022년 3월', '2022년 3월.1', '2022년 4월', '2022년 4월.1', '2022년 5월', '2022년 5월.1', '2022년 6월', '2022년 6월.1', '2022년 7월', '2022년 7월.1', '2022년 8월', '2022년 8월.1', '2022년 9월', '2022년 9월.1', '2022년 10월', '2022년 10월.1', '2022년 11월', '2022년 11월.1', '2022년 12월', '2022년 12월.1', '2023년 1월', '2023년 1월.1', '2023년 2월', '2023년 2월.1', '2023년 3월', '2023년 3월.1', '2023년 4월', '2023년 4월.1', '2023년 5월', '2023년 5월.1', '2023년 6월', '2023년 6월.1', '2023년 7월', '2023년 7월.1', '2023년 8월', '2023년 8월.1', '2023년 9월', '2023년 9월.1', '2023년 10월', '2023년 10월.1', '2023년 11월', '2023년 11월.1', '2023년 12월', '2023년 12월.1', '2024년 1월', '2024년 1월.1', '2024년 2월', '2024년 2월.1', '2024년 3월', '2024년 3월.1', '2024년 4월', '2024년 4월.1', '2024년 5월', '2024년 5월.1', '2024년 6월', '2024년 6월.1', '2024년 7월', '2024년 7월.1', '2024년 8월', '2024년 8월.1', '2024년 9월', '2024년 9월.1', '2024년 10월', '2024년 10월.1', '2024년 11월', '2024년 11월.1', '2024년 12월', '2024년 12월.1', '2025년 1월', '2025년 1월.1', '2025년 2월', '2025년 2월.1', '2025년 3월', '2025년 3월.1', '2025년 4월', '2025년 4월.1']"
/Users/gyeongmincho/Project/DataScience-2025/data/transactions/(월) 매매가격지수_아파트.csv,"(5, 521)","['No', '분류', '분류.1', '분류.2', '분류.3', '2003년 11월', '2003년 11월.1', '2003년 12월', '2003년 12월.1', '2004년 1월', '2004년 1월.1', '2004년 2월', '2004년 2월.1', '2004년 3월', '2004년 3월.1', '2004년 4월', '2004년 4월.1', '2004년 5월', '2004년 5월.1', '2004년 6월', '2004년 6월.1', '2004년 7월', '2004년 7월.1', '2004년 8월', '2004년 8월.1', '2004년 9월', '2004년 9월.1', '2004년 10월', '2004년 10월.1', '2004년 11월', '2004년 11월.1', '2004년 12월', '2004년 12월.1', '2005년 1월', '2005년 1월.1', '2005년 2월', '2005년 2월.1', '2005년 3월', '2005년 3월.1', '2005년 4월', '2005년 4월.1', '2005년 5월', '2005년 5월.1', '2005년 6월', '2005년 6월.1', '2005년 7월', '2005년 7월.1', '2005년 8월', '2005년 8월.1', '2005년 9월', '2005년 9월.1', '2005년 10월', '2005년 10월.1', '2005년 11월', '2005년 11월.1', '2005년 12월', '2005년 12월.1', '2006년 1월', '2006년 1월.1', '2006년 2월', '2006년 2월.1', '2006년 3월', '2006년 3월.1', '2006년 4월', '2006년 4월.1', '2006년 5월', '2006년 5월.1', '2006년 6월', '2006년 6월.1', '2006년 7월', '2006년 7월.1', '2006년 8월', '2006년 8월.1', '2006년 9월', '2006년 9월.1', '2006년 10월', '2006년 10월.1', '2006년 11월', '2006년 11월.1', '2006년 12월', '2006년 12월.1', '2007년 1월', '2007년 1월.1', '2007년 2월', '2007년 2월.1', '2007년 3월', '2007년 3월.1', '2007년 4월', '2007년 4월.1', '2007년 5월', '2007년 5월.1', '2007년 6월', '2007년 6월.1', '2007년 7월', '2007년 7월.1', '2007년 8월', '2007년 8월.1', '2007년 9월', '2007년 9월.1', '2007년 10월', '2007년 10월.1', '2007년 11월', '2007년 11월.1', '2007년 12월', '2007년 12월.1', '2008년 1월', '2008년 1월.1', '2008년 2월', '2008년 2월.1', '2008년 3월', '2008년 3월.1', '2008년 4월', '2008년 4월.1', '2008년 5월', '2008년 5월.1', '2008년 6월', '2008년 6월.1', '2008년 7월', '2008년 7월.1', '2008년 8월', '2008년 8월.1', '2008년 9월', '2008년 9월.1', '2008년 10월', '2008년 10월.1', '2008년 11월', '2008년 11월.1', '2008년 12월', '2008년 12월.1', '2009년 1월', '2009년 1월.1', '2009년 2월', '2009년 2월.1', '2009년 3월', '2009년 3월.1', '2009년 4월', '2009년 4월.1', '2009년 5월', '2009년 5월.1', '2009년 6월', '2009년 6월.1', '2009년 7월', '2009년 7월.1', '2009년 8월', '2009년 8월.1', '2009년 9월', '2009년 9월.1', '2009년 10월', '2009년 10월.1', '2009년 11월', '2009년 11월.1', '2009년 12월', '2009년 12월.1', '2010년 1월', '2010년 1월.1', '2010년 2월', '2010년 2월.1', '2010년 3월', '2010년 3월.1', '2010년 4월', '2010년 4월.1', '2010년 5월', '2010년 5월.1', '2010년 6월', '2010년 6월.1', '2010년 7월', '2010년 7월.1', '2010년 8월', '2010년 8월.1', '2010년 9월', '2010년 9월.1', '2010년 10월', '2010년 10월.1', '2010년 11월', '2010년 11월.1', '2010년 12월', '2010년 12월.1', '2011년 1월', '2011년 1월.1', '2011년 2월', '2011년 2월.1', '2011년 3월', '2011년 3월.1', '2011년 4월', '2011년 4월.1', '2011년 5월', '2011년 5월.1', '2011년 6월', '2011년 6월.1', '2011년 7월', '2011년 7월.1', '2011년 8월', '2011년 8월.1', '2011년 9월', '2011년 9월.1', '2011년 10월', '2011년 10월.1', '2011년 11월', '2011년 11월.1', '2011년 12월', '2011년 12월.1', '2012년 1월', '2012년 1월.1', '2012년 2월', '2012년 2월.1', '2012년 3월', '2012년 3월.1', '2012년 4월', '2012년 4월.1', '2012년 5월', '2012년 5월.1', '2012년 6월', '2012년 6월.1', '2012년 7월', '2012년 7월.1', '2012년 8월', '2012년 8월.1', '2012년 9월', '2012년 9월.1', '2012년 10월', '2012년 10월.1', '2012년 11월', '2012년 11월.1', '2012년 12월', '2012년 12월.1', '2013년 1월', '2013년 1월.1', '2013년 2월', '2013년 2월.1', '2013년 3월', '2013년 3월.1', '2013년 4월', '2013년 4월.1', '2013년 5월', '2013년 5월.1', '2013년 6월', '2013년 6월.1', '2013년 7월', '2013년 7월.1', '2013년 8월', '2013년 8월.1', '2013년 9월', '2013년 9월.1', '2013년 10월', '2013년 10월.1', '2013년 11월', '2013년 11월.1', '2013년 12월', '2013년 12월.1', '2014년 1월', '2014년 1월.1', '2014년 2월', '2014년 2월.1', '2014년 3월', '2014년 3월.1', '2014년 4월', '2014년 4월.1', '2014년 5월', '2014년 5월.1', '2014년 6월', '2014년 6월.1', '2014년 7월', '2014년 7월.1', '2014년 8월', '2014년 8월.1', '2014년 9월', '2014년 9월.1', '2014년 10월', '2014년 10월.1', '2014년 11월', '2014년 11월.1', '2014년 12월', '2014년 12월.1', '2015년 1월', '2015년 1월.1', '2015년 2월', '2015년 2월.1', '2015년 3월', '2015년 3월.1', '2015년 4월', '2015년 4월.1', '2015년 5월', '2015년 5월.1', '2015년 6월', '2015년 6월.1', '2015년 7월', '2015년 7월.1', '2015년 8월', '2015년 8월.1', '2015년 9월', '2015년 9월.1', '2015년 10월', '2015년 10월.1', '2015년 11월', '2015년 11월.1', '2015년 12월', '2015년 12월.1', '2016년 1월', '2016년 1월.1', '2016년 2월', '2016년 2월.1', '2016년 3월', '2016년 3월.1', '2016년 4월', '2016년 4월.1', '2016년 5월', '2016년 5월.1', '2016년 6월', '2016년 6월.1', '2016년 7월', '2016년 7월.1', '2016년 8월', '2016년 8월.1', '2016년 9월', '2016년 9월.1', '2016년 10월', '2016년 10월.1', '2016년 11월', '2016년 11월.1', '2016년 12월', '2016년 12월.1', '2017년 1월', '2017년 1월.1', '2017년 2월', '2017년 2월.1', '2017년 3월', '2017년 3월.1', '2017년 4월', '2017년 4월.1', '2017년 5월', '2017년 5월.1', '2017년 6월', '2017년 6월.1', '2017년 7월', '2017년 7월.1', '2017년 8월', '2017년 8월.1', '2017년 9월', '2017년 9월.1', '2017년 10월', '2017년 10월.1', '2017년 11월', '2017년 11월.1', '2017년 12월', '2017년 12월.1', '2018년 1월', '2018년 1월.1', '2018년 2월', '2018년 2월.1', '2018년 3월', '2018년 3월.1', '2018년 4월', '2018년 4월.1', '2018년 5월', '2018년 5월.1', '2018년 6월', '2018년 6월.1', '2018년 7월', '2018년 7월.1', '2018년 8월', '2018년 8월.1', '2018년 9월', '2018년 9월.1', '2018년 10월', '2018년 10월.1', '2018년 11월', '2018년 11월.1', '2018년 12월', '2018년 12월.1', '2019년 1월', '2019년 1월.1', '2019년 2월', '2019년 2월.1', '2019년 3월', '2019년 3월.1', '2019년 4월', '2019년 4월.1', '2019년 5월', '2019년 5월.1', '2019년 6월', '2019년 6월.1', '2019년 7월', '2019년 7월.1', '2019년 8월', '2019년 8월.1', '2019년 9월', '2019년 9월.1', '2019년 10월', '2019년 10월.1', '2019년 11월', '2019년 11월.1', '2019년 12월', '2019년 12월.1', '2020년 1월', '2020년 1월.1', '2020년 2월', '2020년 2월.1', '2020년 3월', '2020년 3월.1', '2020년 4월', '2020년 4월.1', '2020년 5월', '2020년 5월.1', '2020년 6월', '2020년 6월.1', '2020년 7월', '2020년 7월.1', '2020년 8월', '2020년 8월.1', '2020년 9월', '2020년 9월.1', '2020년 10월', '2020년 10월.1', '2020년 11월', '2020년 11월.1', '2020년 12월', '2020년 12월.1', '2021년 1월', '2021년 1월.1', '2021년 2월', '2021년 2월.1', '2021년 3월', '2021년 3월.1', '2021년 4월', '2021년 4월.1', '2021년 5월', '2021년 5월.1', '2021년 6월', '2021년 6월.1', '2021년 7월', '2021년 7월.1', '2021년 8월', '2021년 8월.1', '2021년 9월', '2021년 9월.1', '2021년 10월', '2021년 10월.1', '2021년 11월', '2021년 11월.1', '2021년 12월', '2021년 12월.1', '2022년 1월', '2022년 1월.1', '2022년 2월', '2022년 2월.1', '2022년 3월', '2022년 3월.1', '2022년 4월', '2022년 4월.1', '2022년 5월', '2022년 5월.1', '2022년 6월', '2022년 6월.1', '2022년 7월', '2022년 7월.1', '2022년 8월', '2022년 8월.1', '2022년 9월', '2022년 9월.1', '2022년 10월', '2022년 10월.1', '2022년 11월', '2022년 11월.1', '2022년 12월', '2022년 12월.1', '2023년 1월', '2023년 1월.1', '2023년 2월', '2023년 2월.1', '2023년 3월', '2023년 3월.1', '2023년 4월', '2023년 4월.1', '2023년 5월', '2023년 5월.1', '2023년 6월', '2023년 6월.1', '2023년 7월', '2023년 7월.1', '2023년 8월', '2023년 8월.1', '2023년 9월', '2023년 9월.1', '2023년 10월', '2023년 10월.1', '2023년 11월', '2023년 11월.1', '2023년 12월', '2023년 12월.1', '2024년 1월', '2024년 1월.1', '2024년 2월', '2024년 2월.1', '2024년 3월', '2024년 3월.1', '2024년 4월', '2024년 4월.1', '2024년 5월', '2024년 5월.1', '2024년 6월', '2024년 6월.1', '2024년 7월', '2024년 7월.1', '2024년 8월', '2024년 8월.1', '2024년 9월', '2024년 9월.1', '2024년 10월', '2024년 10월.1', '2024년 11월', '2024년 11월.1', '2024년 12월', '2024년 12월.1', '2025년 1월', '2025년 1월.1', '2025년 2월', '2025년 2월.1', '2025년 3월', '2025년 3월.1', '2025년 4월', '2025년 4월.1']"
/Users/gyeongmincho/Project/DataScience-2025/data/transactions/(주) 매매가격지수.csv,"(5, 1365)","['No', '분류', '분류.1', '분류.2', '분류.3', '2012-05-07', '2012-05-07.1', '2012-05-14', '2012-05-14.1', '2012-05-21', '2012-05-21.1', '2012-05-28', '2012-05-28.1', '2012-06-04', '2012-06-04.1', '2012-06-11', '2012-06-11.1', '2012-06-18', '2012-06-18.1', '2012-06-25', '2012-06-25.1', '2012-07-02', '2012-07-02.1', '2012-07-09', '2012-07-09.1', '2012-07-16', '2012-07-16.1', '2012-07-23', '2012-07-23.1', '2012-07-30', '2012-07-30.1', '2012-08-06', '2012-08-06.1', '2012-08-13', '2012-08-13.1', '2012-08-20', '2012-08-20.1', '2012-08-27', '2012-08-27.1', '2012-09-03', '2012-09-03.1', '2012-09-10', '2012-09-10.1', '2012-09-17', '2012-09-17.1', '2012-09-24', '2012-09-24.1', '2012-10-01', '2012-10-01.1', '2012-10-08', '2012-10-08.1', '2012-10-15', '2012-10-15.1', '2012-10-22', '2012-10-22.1', '2012-10-29', '2012-10-29.1', '2012-11-05', '2012-11-05.1', '2012-11-12', '2012-11-12.1', '2012-11-19', '2012-11-19.1', '2012-11-26', '2012-11-26.1', '2012-12-03', '2012-12-03.1', '2012-12-10', '2012-12-10.1', '2012-12-17', '2012-12-17.1', '2012-12-24', '2012-12-24.1', '2012-12-31', '2012-12-31.1', '2013-01-07', '2013-01-07.1', '2013-01-14', '2013-01-14.1', '2013-01-21', '2013-01-21.1', '2013-01-28', '2013-01-28.1', '2013-02-04', '2013-02-04.1', '2013-02-11', '2013-02-11.1', '2013-02-18', '2013-02-18.1', '2013-02-25', '2013-02-25.1', '2013-03-04', '2013-03-04.1', '2013-03-11', '2013-03-11.1', '2013-03-18', '2013-03-18.1', '2013-03-25', '2013-03-25.1', '2013-04-01', '2013-04-01.1', '2013-04-08', '2013-04-08.1', '2013-04-15', '2013-04-15.1', '2013-04-22', '2013-04-22.1', '2013-04-29', '2013-04-29.1', '2013-05-06', '2013-05-06.1', '2013-05-13', '2013-05-13.1', '2013-05-20', '2013-05-20.1', '2013-05-27', '2013-05-27.1', '2013-06-03', '2013-06-03.1', '2013-06-10', '2013-06-10.1', '2013-06-17', '2013-06-17.1', '2013-06-24', '2013-06-24.1', '2013-07-01', '2013-07-01.1', '2013-07-08', '2013-07-08.1', '2013-07-15', '2013-07-15.1', '2013-07-22', '2013-07-22.1', '2013-07-29', '2013-07-29.1', '2013-08-05', '2013-08-05.1', '2013-08-12', '2013-08-12.1', '2013-08-19', '2013-08-19.1', '2013-08-26', '2013-08-26.1', '2013-09-02', '2013-09-02.1', '2013-09-09', '2013-09-09.1', '2013-09-16', '2013-09-16.1', '2013-09-23', '2013-09-23.1', '2013-09-30', '2013-09-30.1', '2013-10-07', '2013-10-07.1', '2013-10-14', '2013-10-14.1', '2013-10-21', '2013-10-21.1', '2013-10-28', '2013-10-28.1', '2013-11-04', '2013-11-04.1', '2013-11-11', '2013-11-11.1', '2013-11-18', '2013-11-18.1', '2013-11-25', '2013-11-25.1', '2013-12-02', '2013-12-02.1', '2013-12-09', '2013-12-09.1', '2013-12-16', '2013-12-16.1', '2013-12-23', '2013-12-23.1', '2013-12-30', '2013-12-30.1', '2014-01-06', '2014-01-06.1', '2014-01-13', '2014-01-13.1', '2014-01-20', '2014-01-20.1', '2014-01-27', '2014-01-27.1', '2014-02-03', '2014-02-03.1', '2014-02-10', '2014-02-10.1', '2014-02-17', '2014-02-17.1', '2014-02-24', '2014-02-24.1', '2014-03-03', '2014-03-03.1', '2014-03-10', '2014-03-10.1', '2014-03-17', '2014-03-17.1', '2014-03-24', '2014-03-24.1', '2014-03-31', '2014-03-31.1', '2014-04-07', '2014-04-07.1', '2014-04-14', '2014-04-14.1', '2014-04-21', '2014-04-21.1', '2014-04-28', '2014-04-28.1', '2014-05-05', '2014-05-05.1', '2014-05-12', '2014-05-12.1', '2014-05-19', '2014-05-19.1', '2014-05-26', '2014-05-26.1', '2014-06-02', '2014-06-02.1', '2014-06-09', '2014-06-09.1', '2014-06-16', '2014-06-16.1', '2014-06-23', '2014-06-23.1', '2014-06-30', '2014-06-30.1', '2014-07-07', '2014-07-07.1', '2014-07-14', '2014-07-14.1', '2014-07-21', '2014-07-21.1', '2014-07-28', '2014-07-28.1', '2014-08-04', '2014-08-04.1', '2014-08-11', '2014-08-11.1', '2014-08-18', '2014-08-18.1', '2014-08-25', '2014-08-25.1', '2014-09-01', '2014-09-01.1', '2014-09-08', '2014-09-08.1', '2014-09-15', '2014-09-15.1', '2014-09-22', '2014-09-22.1', '2014-09-29', '2014-09-29.1', '2014-10-06', '2014-10-06.1', '2014-10-13', '2014-10-13.1', '2014-10-20', '2014-10-20.1', '2014-10-27', '2014-10-27.1', '2014-11-03', '2014-11-03.1', '2014-11-10', '2014-11-10.1', '2014-11-17', '2014-11-17.1', '2014-11-24', '2014-11-24.1', '2014-12-01', '2014-12-01.1', '2014-12-08', '2014-12-08.1', '2014-12-15', '2014-12-15.1', '2014-12-22', '2014-12-22.1', '2014-12-29', '2014-12-29.1', '2015-01-05', '2015-01-05.1', '2015-01-12', '2015-01-12.1', '2015-01-19', '2015-01-19.1', '2015-01-26', '2015-01-26.1', '2015-02-02', '2015-02-02.1', '2015-02-09', '2015-02-09.1', '2015-02-16', '2015-02-16.1', '2015-02-23', '2015-02-23.1', '2015-03-02', '2015-03-02.1', '2015-03-09', '2015-03-09.1', '2015-03-16', '2015-03-16.1', '2015-03-23', '2015-03-23.1', '2015-03-30', '2015-03-30.1', '2015-04-06', '2015-04-06.1', '2015-04-13', '2015-04-13.1', '2015-04-20', '2015-04-20.1', '2015-04-27', '2015-04-27.1', '2015-05-04', '2015-05-04.1', '2015-05-11', '2015-05-11.1', '2015-05-18', '2015-05-18.1', '2015-05-25', '2015-05-25.1', '2015-06-01', '2015-06-01.1', '2015-06-08', '2015-06-08.1', '2015-06-15', '2015-06-15.1', '2015-06-22', '2015-06-22.1', '2015-06-29', '2015-06-29.1', '2015-07-06', '2015-07-06.1', '2015-07-13', '2015-07-13.1', '2015-07-20', '2015-07-20.1', '2015-07-27', '2015-07-27.1', '2015-08-03', '2015-08-03.1', '2015-08-10', '2015-08-10.1', '2015-08-17', '2015-08-17.1', '2015-08-24', '2015-08-24.1', '2015-08-31', '2015-08-31.1', '2015-09-07', '2015-09-07.1', '2015-09-14', '2015-09-14.1', '2015-09-21', '2015-09-21.1', '2015-09-28', '2015-09-28.1', '2015-10-05', '2015-10-05.1', '2015-10-12', '2015-10-12.1', '2015-10-19', '2015-10-19.1', '2015-10-26', '2015-10-26.1', '2015-11-02', '2015-11-02.1', '2015-11-09', '2015-11-09.1', '2015-11-16', '2015-11-16.1', '2015-11-23', '2015-11-23.1', '2015-11-30', '2015-11-30.1', '2015-12-07', '2015-12-07.1', '2015-12-14', '2015-12-14.1', '2015-12-21', '2015-12-21.1', '2015-12-28', '2015-12-28.1', '2016-01-04', '2016-01-04.1', '2016-01-11', '2016-01-11.1', '2016-01-18', '2016-01-18.1', '2016-01-25', '2016-01-25.1', '2016-02-01', '2016-02-01.1', '2016-02-08', '2016-02-08.1', '2016-02-15', '2016-02-15.1', '2016-02-22', '2016-02-22.1', '2016-02-29', '2016-02-29.1', '2016-03-07', '2016-03-07.1', '2016-03-14', '2016-03-14.1', '2016-03-21', '2016-03-21.1', '2016-03-28', '2016-03-28.1', '2016-04-04', '2016-04-04.1', '2016-04-11', '2016-04-11.1', '2016-04-18', '2016-04-18.1', '2016-04-25', '2016-04-25.1', '2016-05-02', '2016-05-02.1', '2016-05-09', '2016-05-09.1', '2016-05-16', '2016-05-16.1', '2016-05-23', '2016-05-23.1', '2016-05-30', '2016-05-30.1', '2016-06-06', '2016-06-06.1', '2016-06-13', '2016-06-13.1', '2016-06-20', '2016-06-20.1', '2016-06-27', '2016-06-27.1', '2016-07-04', '2016-07-04.1', '2016-07-11', '2016-07-11.1', '2016-07-18', '2016-07-18.1', '2016-07-25', '2016-07-25.1', '2016-08-01', '2016-08-01.1', '2016-08-08', '2016-08-08.1', '2016-08-15', '2016-08-15.1', '2016-08-22', '2016-08-22.1', '2016-08-29', '2016-08-29.1', '2016-09-05', '2016-09-05.1', '2016-09-12', '2016-09-12.1', '2016-09-19', '2016-09-19.1', '2016-09-26', '2016-09-26.1', '2016-10-03', '2016-10-03.1', '2016-10-10', '2016-10-10.1', '2016-10-17', '2016-10-17.1', '2016-10-24', '2016-10-24.1', '2016-10-31', '2016-10-31.1', '2016-11-07', '2016-11-07.1', '2016-11-14', '2016-11-14.1', '2016-11-21', '2016-11-21.1', '2016-11-28', '2016-11-28.1', '2016-12-05', '2016-12-05.1', '2016-12-12', '2016-12-12.1', '2016-12-19', '2016-12-19.1', '2016-12-26', '2016-12-26.1', '2017-01-02', '2017-01-02.1', '2017-01-09', '2017-01-09.1', '2017-01-16', '2017-01-16.1', '2017-01-23', '2017-01-23.1', '2017-01-30', '2017-01-30.1', '2017-02-06', '2017-02-06.1', '2017-02-13', '2017-02-13.1', '2017-02-20', '2017-02-20.1', '2017-02-27', '2017-02-27.1', '2017-03-06', '2017-03-06.1', '2017-03-13', '2017-03-13.1', '2017-03-20', '2017-03-20.1', '2017-03-27', '2017-03-27.1', '2017-04-03', '2017-04-03.1', '2017-04-10', '2017-04-10.1', '2017-04-17', '2017-04-17.1', '2017-04-24', '2017-04-24.1', '2017-05-01', '2017-05-01.1', '2017-05-08', '2017-05-08.1', '2017-05-15', '2017-05-15.1', '2017-05-22', '2017-05-22.1', '2017-05-29', '2017-05-29.1', '2017-06-05', '2017-06-05.1', '2017-06-12', '2017-06-12.1', '2017-06-19', '2017-06-19.1', '2017-06-26', '2017-06-26.1', '2017-07-03', '2017-07-03.1', '2017-07-10', '2017-07-10.1', '2017-07-17', '2017-07-17.1', '2017-07-24', '2017-07-24.1', '2017-07-31', '2017-07-31.1', '2017-08-07', '2017-08-07.1', '2017-08-14', '2017-08-14.1', '2017-08-21', '2017-08-21.1', '2017-08-28', '2017-08-28.1', '2017-09-04', '2017-09-04.1', '2017-09-11', '2017-09-11.1', '2017-09-18', '2017-09-18.1', '2017-09-25', '2017-09-25.1', '2017-10-09', '2017-10-09.1', '2017-10-16', '2017-10-16.1', '2017-10-23', '2017-10-23.1', '2017-10-30', '2017-10-30.1', '2017-11-06', '2017-11-06.1', '2017-11-13', '2017-11-13.1', '2017-11-20', '2017-11-20.1', '2017-11-27', '2017-11-27.1', '2017-12-04', '2017-12-04.1', '2017-12-11', '2017-12-11.1', '2017-12-18', '2017-12-18.1', '2017-12-25', '2017-12-25.1', '2018-01-01', '2018-01-01.1', '2018-01-08', '2018-01-08.1', '2018-01-15', '2018-01-15.1', '2018-01-22', '2018-01-22.1', '2018-01-29', '2018-01-29.1', '2018-02-05', '2018-02-05.1', '2018-02-12', '2018-02-12.1', '2018-02-19', '2018-02-19.1', '2018-02-26', '2018-02-26.1', '2018-03-05', '2018-03-05.1', '2018-03-12', '2018-03-12.1', '2018-03-19', '2018-03-19.1', '2018-03-26', '2018-03-26.1', '2018-04-02', '2018-04-02.1', '2018-04-09', '2018-04-09.1', '2018-04-16', '2018-04-16.1', '2018-04-23', '2018-04-23.1', '2018-04-30', '2018-04-30.1', '2018-05-07', '2018-05-07.1', '2018-05-14', '2018-05-14.1', '2018-05-21', '2018-05-21.1', '2018-05-28', '2018-05-28.1', '2018-06-04', '2018-06-04.1', '2018-06-11', '2018-06-11.1', '2018-06-18', '2018-06-18.1', '2018-06-25', '2018-06-25.1', '2018-07-02', '2018-07-02.1', '2018-07-09', '2018-07-09.1', '2018-07-16', '2018-07-16.1', '2018-07-23', '2018-07-23.1', '2018-07-30', '2018-07-30.1', '2018-08-06', '2018-08-06.1', '2018-08-13', '2018-08-13.1', '2018-08-20', '2018-08-20.1', '2018-08-27', '2018-08-27.1', '2018-09-03', '2018-09-03.1', '2018-09-10', '2018-09-10.1', '2018-09-17', '2018-09-17.1', '2018-09-24', '2018-09-24.1', '2018-10-01', '2018-10-01.1', '2018-10-08', '2018-10-08.1', '2018-10-15', '2018-10-15.1', '2018-10-22', '2018-10-22.1', '2018-10-29', '2018-10-29.1', '2018-11-05', '2018-11-05.1', '2018-11-12', '2018-11-12.1', '2018-11-19', '2018-11-19.1', '2018-11-26', '2018-11-26.1', '2018-12-03', '2018-12-03.1', '2018-12-10', '2018-12-10.1', '2018-12-17', '2018-12-17.1', '2018-12-24', '2018-12-24.1', '2018-12-31', '2018-12-31.1', '2019-01-07', '2019-01-07.1', '2019-01-14', '2019-01-14.1', '2019-01-21', '2019-01-21.1', '2019-01-28', '2019-01-28.1', '2019-02-04', '2019-02-04.1', '2019-02-11', '2019-02-11.1', '2019-02-18', '2019-02-18.1', '2019-02-25', '2019-02-25.1', '2019-03-04', '2019-03-04.1', '2019-03-11', '2019-03-11.1', '2019-03-18', '2019-03-18.1', '2019-03-25', '2019-03-25.1', '2019-04-01', '2019-04-01.1', '2019-04-08', '2019-04-08.1', '2019-04-15', '2019-04-15.1', '2019-04-22', '2019-04-22.1', '2019-04-29', '2019-04-29.1', '2019-05-06', '2019-05-06.1', '2019-05-13', '2019-05-13.1', '2019-05-20', '2019-05-20.1', '2019-05-27', '2019-05-27.1', '2019-06-03', '2019-06-03.1', '2019-06-10', '2019-06-10.1', '2019-06-17', '2019-06-17.1', '2019-06-24', '2019-06-24.1', '2019-07-01', '2019-07-01.1', '2019-07-08', '2019-07-08.1', '2019-07-15', '2019-07-15.1', '2019-07-22', '2019-07-22.1', '2019-07-29', '2019-07-29.1', '2019-08-05', '2019-08-05.1', '2019-08-12', '2019-08-12.1', '2019-08-19', '2019-08-19.1', '2019-08-26', '2019-08-26.1', '2019-09-02', '2019-09-02.1', '2019-09-09', '2019-09-09.1', '2019-09-16', '2019-09-16.1', '2019-09-23', '2019-09-23.1', '2019-09-30', '2019-09-30.1', '2019-10-07', '2019-10-07.1', '2019-10-14', '2019-10-14.1', '2019-10-21', '2019-10-21.1', '2019-10-28', '2019-10-28.1', '2019-11-04', '2019-11-04.1', '2019-11-11', '2019-11-11.1', '2019-11-18', '2019-11-18.1', '2019-11-25', '2019-11-25.1', '2019-12-02', '2019-12-02.1', '2019-12-09', '2019-12-09.1', '2019-12-16', '2019-12-16.1', '2019-12-23', '2019-12-23.1', '2019-12-30', '2019-12-30.1', '2020-01-06', '2020-01-06.1', '2020-01-13', '2020-01-13.1', '2020-01-20', '2020-01-20.1', '2020-01-27', '2020-01-27.1', '2020-02-03', '2020-02-03.1', '2020-02-10', '2020-02-10.1', '2020-02-17', '2020-02-17.1', '2020-02-24', '2020-02-24.1', '2020-03-02', '2020-03-02.1', '2020-03-09', '2020-03-09.1', '2020-03-16', '2020-03-16.1', '2020-03-23', '2020-03-23.1', '2020-03-30', '2020-03-30.1', '2020-04-06', '2020-04-06.1', '2020-04-13', '2020-04-13.1', '2020-04-20', '2020-04-20.1', '2020-04-27', '2020-04-27.1', '2020-05-04', '2020-05-04.1', '2020-05-11', '2020-05-11.1', '2020-05-18', '2020-05-18.1', '2020-05-25', '2020-05-25.1', '2020-06-01', '2020-06-01.1', '2020-06-08', '2020-06-08.1', '2020-06-15', '2020-06-15.1', '2020-06-22', '2020-06-22.1', '2020-06-29', '2020-06-29.1', '2020-07-06', '2020-07-06.1', '2020-07-13', '2020-07-13.1', '2020-07-20', '2020-07-20.1', '2020-07-27', '2020-07-27.1', '2020-08-03', '2020-08-03.1', '2020-08-10', '2020-08-10.1', '2020-08-17', '2020-08-17.1', '2020-08-24', '2020-08-24.1', '2020-08-31', '2020-08-31.1', '2020-09-07', '2020-09-07.1', '2020-09-14', '2020-09-14.1', '2020-09-21', '2020-09-21.1', '2020-09-28', '2020-09-28.1', '2020-10-05', '2020-10-05.1', '2020-10-12', '2020-10-12.1', '2020-10-19', '2020-10-19.1', '2020-10-26', '2020-10-26.1', '2020-11-02', '2020-11-02.1', '2020-11-09', '2020-11-09.1', '2020-11-16', '2020-11-16.1', '2020-11-23', '2020-11-23.1', '2020-11-30', '2020-11-30.1', '2020-12-07', '2020-12-07.1', '2020-12-14', '2020-12-14.1', '2020-12-21', '2020-12-21.1', '2020-12-28', '2020-12-28.1', '2021-01-04', '2021-01-04.1', '2021-01-11', '2021-01-11.1', '2021-01-18', '2021-01-18.1', '2021-01-25', '2021-01-25.1', '2021-02-01', '2021-02-01.1', '2021-02-08', '2021-02-08.1', '2021-02-15', '2021-02-15.1', '2021-02-22', '2021-02-22.1', '2021-03-01', '2021-03-01.1', '2021-03-08', '2021-03-08.1', '2021-03-15', '2021-03-15.1', '2021-03-22', '2021-03-22.1', '2021-03-29', '2021-03-29.1', '2021-04-05', '2021-04-05.1', '2021-04-12', '2021-04-12.1', '2021-04-19', '2021-04-19.1', '2021-04-26', '2021-04-26.1', '2021-05-03', '2021-05-03.1', '2021-05-10', '2021-05-10.1', '2021-05-17', '2021-05-17.1', '2021-05-24', '2021-05-24.1', '2021-05-31', '2021-05-31.1', '2021-06-07', '2021-06-07.1', '2021-06-14', '2021-06-14.1', '2021-06-21', '2021-06-21.1', '2021-06-28', '2021-06-28.1', '2021-07-05', '2021-07-05.1', '2021-07-12', '2021-07-12.1', '2021-07-19', '2021-07-19.1', '2021-07-26', '2021-07-26.1', '2021-08-02', '2021-08-02.1', '2021-08-09', '2021-08-09.1', '2021-08-16', '2021-08-16.1', '2021-08-23', '2021-08-23.1', '2021-08-30', '2021-08-30.1', '2021-09-06', '2021-09-06.1', '2021-09-13', '2021-09-13.1', '2021-09-20', '2021-09-20.1', '2021-09-27', '2021-09-27.1', '2021-10-04', '2021-10-04.1', '2021-10-11', '2021-10-11.1', '2021-10-18', '2021-10-18.1', '2021-10-25', '2021-10-25.1', '2021-11-01', '2021-11-01.1', '2021-11-08', '2021-11-08.1', '2021-11-15', '2021-11-15.1', '2021-11-22', '2021-11-22.1', '2021-11-29', '2021-11-29.1', '2021-12-06', '2021-12-06.1', '2021-12-13', '2021-12-13.1', '2021-12-20', '2021-12-20.1', '2021-12-27', '2021-12-27.1', '2022-01-03', '2022-01-03.1', '2022-01-10', '2022-01-10.1', '2022-01-17', '2022-01-17.1', '2022-01-24', '2022-01-24.1', '2022-01-31', '2022-01-31.1', '2022-02-07', '2022-02-07.1', '2022-02-14', '2022-02-14.1', '2022-02-21', '2022-02-21.1', '2022-02-28', '2022-02-28.1', '2022-03-07', '2022-03-07.1', '2022-03-14', '2022-03-14.1', '2022-03-21', '2022-03-21.1', '2022-03-28', '2022-03-28.1', '2022-04-04', '2022-04-04.1', '2022-04-11', '2022-04-11.1', '2022-04-18', '2022-04-18.1', '2022-04-25', '2022-04-25.1', '2022-05-02', '2022-05-02.1', '2022-05-09', '2022-05-09.1', '2022-05-16', '2022-05-16.1', '2022-05-23', '2022-05-23.1', '2022-05-30', '2022-05-30.1', '2022-06-06', '2022-06-06.1', '2022-06-13', '2022-06-13.1', '2022-06-20', '2022-06-20.1', '2022-06-27', '2022-06-27.1', '2022-07-04', '2022-07-04.1', '2022-07-11', '2022-07-11.1', '2022-07-18', '2022-07-18.1', '2022-07-25', '2022-07-25.1', '2022-08-01', '2022-08-01.1', '2022-08-08', '2022-08-08.1', '2022-08-15', '2022-08-15.1', '2022-08-22', '2022-08-22.1', '2022-08-29', '2022-08-29.1', '2022-09-05', '2022-09-05.1', '2022-09-12', '2022-09-12.1', '2022-09-19', '2022-09-19.1', '2022-09-26', '2022-09-26.1', '2022-10-03', '2022-10-03.1', '2022-10-10', '2022-10-10.1', '2022-10-17', '2022-10-17.1', '2022-10-24', '2022-10-24.1', '2022-10-31', '2022-10-31.1', '2022-11-07', '2022-11-07.1', '2022-11-14', '2022-11-14.1', '2022-11-21', '2022-11-21.1', '2022-11-28', '2022-11-28.1', '2022-12-05', '2022-12-05.1', '2022-12-12', '2022-12-12.1', '2022-12-19', '2022-12-19.1', '2022-12-26', '2022-12-26.1', '2023-01-02', '2023-01-02.1', '2023-01-09', '2023-01-09.1', '2023-01-16', '2023-01-16.1', '2023-01-23', '2023-01-23.1', '2023-01-30', '2023-01-30.1', '2023-02-06', '2023-02-06.1', '2023-02-13', '2023-02-13.1', '2023-02-20', '2023-02-20.1', '2023-02-27', '2023-02-27.1', '2023-03-06', '2023-03-06.1', '2023-03-13', '2023-03-13.1', '2023-03-20', '2023-03-20.1', '2023-03-27', '2023-03-27.1', '2023-04-03', '2023-04-03.1', '2023-04-10', '2023-04-10.1', '2023-04-17', '2023-04-17.1', '2023-04-24', '2023-04-24.1', '2023-05-01', '2023-05-01.1', '2023-05-08', '2023-05-08.1', '2023-05-15', '2023-05-15.1', '2023-05-22', '2023-05-22.1', '2023-05-29', '2023-05-29.1', '2023-06-05', '2023-06-05.1', '2023-06-12', '2023-06-12.1', '2023-06-19', '2023-06-19.1', '2023-06-26', '2023-06-26.1', '2023-07-03', '2023-07-03.1', '2023-07-10', '2023-07-10.1', '2023-07-17', '2023-07-17.1', '2023-07-24', '2023-07-24.1', '2023-07-31', '2023-07-31.1', '2023-08-07', '2023-08-07.1', '2023-08-14', '2023-08-14.1', '2023-08-21', '2023-08-21.1', '2023-08-28', '2023-08-28.1', '2023-09-04', '2023-09-04.1', '2023-09-11', '2023-09-11.1', '2023-09-18', '2023-09-18.1', '2023-09-25', '2023-09-25.1', '2023-10-02', '2023-10-02.1', '2023-10-09', '2023-10-09.1', '2023-10-16', '2023-10-16.1', '2023-10-23', '2023-10-23.1', '2023-10-30', '2023-10-30.1', '2023-11-06', '2023-11-06.1', '2023-11-13', '2023-11-13.1', '2023-11-20', '2023-11-20.1', '2023-11-27', '2023-11-27.1', '2023-12-04', '2023-12-04.1', '2023-12-11', '2023-12-11.1', '2023-12-18', '2023-12-18.1', '2023-12-25', '2023-12-25.1', '2024-01-01', '2024-01-01.1', '2024-01-08', '2024-01-08.1', '2024-01-15', '2024-01-15.1', '2024-01-22', '2024-01-22.1', '2024-01-29', '2024-01-29.1', '2024-02-05', '2024-02-05.1', '2024-02-12', '2024-02-12.1', '2024-02-19', '2024-02-19.1', '2024-02-26', '2024-02-26.1', '2024-03-04', '2024-03-04.1', '2024-03-11', '2024-03-11.1', '2024-03-18', '2024-03-18.1', '2024-03-25', '2024-03-25.1', '2024-04-01', '2024-04-01.1', '2024-04-08', '2024-04-08.1', '2024-04-15', '2024-04-15.1', '2024-04-22', '2024-04-22.1', '2024-04-29', '2024-04-29.1', '2024-05-06', '2024-05-06.1', '2024-05-13', '2024-05-13.1', '2024-05-20', '2024-05-20.1', '2024-05-27', '2024-05-27.1', '2024-06-03', '2024-06-03.1', '2024-06-10', '2024-06-10.1', '2024-06-17', '2024-06-17.1', '2024-06-24', '2024-06-24.1', '2024-07-01', '2024-07-01.1', '2024-07-08', '2024-07-08.1', '2024-07-15', '2024-07-15.1', '2024-07-22', '2024-07-22.1', '2024-07-29', '2024-07-29.1', '2024-08-05', '2024-08-05.1', '2024-08-12', '2024-08-12.1', '2024-08-19', '2024-08-19.1', '2024-08-26', '2024-08-26.1', '2024-09-02', '2024-09-02.1', '2024-09-09', '2024-09-09.1', '2024-09-16', '2024-09-16.1', '2024-09-23', '2024-09-23.1', '2024-09-30', '2024-09-30.1', '2024-10-07', '2024-10-07.1', '2024-10-14', '2024-10-14.1', '2024-10-21', '2024-10-21.1', '2024-10-28', '2024-10-28.1', '2024-11-04', '2024-11-04.1', '2024-11-11', '2024-11-11.1', '2024-11-18', '2024-11-18.1', '2024-11-25', '2024-11-25.1', '2024-12-02', '2024-12-02.1', '2024-12-09', '2024-12-09.1', '2024-12-16', '2024-12-16.1', '2024-12-23', '2024-12-23.1', '2024-12-30', '2024-12-30.1', '2025-01-06', '2025-01-06.1', '2025-01-13', '2025-01-13.1', '2025-01-20', '2025-01-20.1', '2025-02-03', '2025-02-03.1', '2025-02-10', '2025-02-10.1', '2025-02-17', '2025-02-17.1', '2025-02-24', '2025-02-24.1', '2025-03-03', '2025-03-03.1', '2025-03-10', '2025-03-10.1', '2025-03-17', '2025-03-17.1', '2025-03-24', '2025-03-24.1', '2025-03-31', '2025-03-31.1', '2025-04-07', '2025-04-07.1', '2025-04-14', '2025-04-14.1', '2025-04-21', '2025-04-21.1', '2025-04-28', '2025-04-28.1', '2025-05-05', '2025-05-05.1', '2025-05-12', '2025-05-12.1', '2025-05-19', '2025-05-19.1', '2025-05-26', '2025-05-26.1']"
/Users/gyeongmincho/Project/DataScience-2025/data/transactions/(월) 행정구역별 아파트거래현황_전체.csv,"(5, 235)","['행정구역별', '항목', '단위', '2006.01 월', '2006.02 월', '2006.03 월', '2006.04 월', '2006.05 월', '2006.06 월', '2006.07 월', '2006.08 월', '2006.09 월', '2006.10 월', '2006.11 월', '2006.12 월', '2007.01 월', '2007.02 월', '2007.03 월', '2007.04 월', '2007.05 월', '2007.06 월', '2007.07 월', '2007.08 월', '2007.09 월', '2007.10 월', '2007.11 월', '2007.12 월', '2008.01 월', '2008.02 월', '2008.03 월', '2008.04 월', '2008.05 월', '2008.06 월', '2008.07 월', '2008.08 월', '2008.09 월', '2008.10 월', '2008.11 월', '2008.12 월', '2009.01 월', '2009.02 월', '2009.03 월', '2009.04 월', '2009.05 월', '2009.06 월', '2009.07 월', '2009.08 월', '2009.09 월', '2009.10 월', '2009.11 월', '2009.12 월', '2010.01 월', '2010.02 월', '2010.03 월', '2010.04 월', '2010.05 월', '2010.06 월', '2010.07 월', '2010.08 월', '2010.09 월', '2010.10 월', '2010.11 월', '2010.12 월', '2011.01 월', '2011.02 월', '2011.03 월', '2011.04 월', '2011.05 월', '2011.06 월', '2011.07 월', '2011.08 월', '2011.09 월', '2011.10 월', '2011.11 월', '2011.12 월', '2012.01 월', '2012.02 월', '2012.03 월', '2012.04 월', '2012.05 월', '2012.06 월', '2012.07 월', '2012.08 월', '2012.09 월', '2012.10 월', '2012.11 월', '2012.12 월', '2013.01 월', '2013.02 월', '2013.03 월', '2013.04 월', '2013.05 월', '2013.06 월', '2013.07 월', '2013.08 월', '2013.09 월', '2013.10 월', '2013.11 월', '2013.12 월', '2014.01 월', '2014.02 월', '2014.03 월', '2014.04 월', '2014.05 월', '2014.06 월', '2014.07 월', '2014.08 월', '2014.09 월', '2014.10 월', '2014.11 월', '2014.12 월', '2015.01 월', '2015.02 월', '2015.03 월', '2015.04 월', '2015.05 월', '2015.06 월', '2015.07 월', '2015.08 월', '2015.09 월', '2015.10 월', '2015.11 월', '2015.12 월', '2016.01 월', '2016.02 월', '2016.03 월', '2016.04 월', '2016.05 월', '2016.06 월', '2016.07 월', '2016.08 월', '2016.09 월', '2016.10 월', '2016.11 월', '2016.12 월', '2017.01 월', '2017.02 월', '2017.03 월', '2017.04 월', '2017.05 월', '2017.06 월', '2017.07 월', '2017.08 월', '2017.09 월', '2017.10 월', '2017.11 월', '2017.12 월', '2018.01 월', '2018.02 월', '2018.03 월', '2018.04 월', '2018.05 월', '2018.06 월', '2018.07 월', '2018.08 월', '2018.09 월', '2018.10 월', '2018.11 월', '2018.12 월', '2019.01 월', '2019.02 월', '2019.03 월', '2019.04 월', '2019.05 월', '2019.06 월', '2019.07 월', '2019.08 월', '2019.09 월', '2019.10 월', '2019.11 월', '2019.12 월', '2020.01 월', '2020.02 월', '2020.03 월', '2020.04 월', '2020.05 월', '2020.06 월', '2020.07 월', '2020.08 월', '2020.09 월', '2020.10 월', '2020.11 월', '2020.12 월', '2021.01 월', '2021.02 월', '2021.03 월', '2021.04 월', '2021.05 월', '2021.06 월', '2021.07 월', '2021.08 월', '2021.09 월', '2021.10 월', '2021.11 월', '2021.12 월', '2022.01 월', '2022.02 월', '2022.03 월', '2022.04 월', '2022.05 월', '2022.06 월', '2022.07 월', '2022.08 월', '2022.09 월', '2022.10 월', '2022.11 월', '2022.12 월', '2023.01 월', '2023.02 월', '2023.03 월', '2023.04 월', '2023.05 월', '2023.06 월', '2023.07 월', '2023.08 월', '2023.09 월', '2023.10 월', '2023.11 월', '2023.12 월', '2024.01 월', '2024.02 월', '2024.03 월', '2024.04 월', '2024.05 월', '2024.06 월', '2024.07 월', '2024.08 월', '2024.09 월', '2024.10 월', '2024.11 월', '2024.12 월', '2025.01 월', '2025.02 월', '2025.03 월', 'Unnamed: 234']"
/Users/gyeongmincho/Project/DataScience-2025/data/transactions/(월) 행정구역별 아파트매매거래현황.csv,"(5, 468)","['No', '지역', '지역.1', '지역.2', '2006년 1월', '2006년 1월.1', '2006년 2월', '2006년 2월.1', '2006년 3월', '2006년 3월.1', '2006년 4월', '2006년 4월.1', '2006년 5월', '2006년 5월.1', '2006년 6월', '2006년 6월.1', '2006년 7월', '2006년 7월.1', '2006년 8월', '2006년 8월.1', '2006년 9월', '2006년 9월.1', '2006년 10월', '2006년 10월.1', '2006년 11월', '2006년 11월.1', '2006년 12월', '2006년 12월.1', '2007년 1월', '2007년 1월.1', '2007년 2월', '2007년 2월.1', '2007년 3월', '2007년 3월.1', '2007년 4월', '2007년 4월.1', '2007년 5월', '2007년 5월.1', '2007년 6월', '2007년 6월.1', '2007년 7월', '2007년 7월.1', '2007년 8월', '2007년 8월.1', '2007년 9월', '2007년 9월.1', '2007년 10월', '2007년 10월.1', '2007년 11월', '2007년 11월.1', '2007년 12월', '2007년 12월.1', '2008년 1월', '2008년 1월.1', '2008년 2월', '2008년 2월.1', '2008년 3월', '2008년 3월.1', '2008년 4월', '2008년 4월.1', '2008년 5월', '2008년 5월.1', '2008년 6월', '2008년 6월.1', '2008년 7월', '2008년 7월.1', '2008년 8월', '2008년 8월.1', '2008년 9월', '2008년 9월.1', '2008년 10월', '2008년 10월.1', '2008년 11월', '2008년 11월.1', '2008년 12월', '2008년 12월.1', '2009년 1월', '2009년 1월.1', '2009년 2월', '2009년 2월.1', '2009년 3월', '2009년 3월.1', '2009년 4월', '2009년 4월.1', '2009년 5월', '2009년 5월.1', '2009년 6월', '2009년 6월.1', '2009년 7월', '2009년 7월.1', '2009년 8월', '2009년 8월.1', '2009년 9월', '2009년 9월.1', '2009년 10월', '2009년 10월.1', '2009년 11월', '2009년 11월.1', '2009년 12월', '2009년 12월.1', '2010년 1월', '2010년 1월.1', '2010년 2월', '2010년 2월.1', '2010년 3월', '2010년 3월.1', '2010년 4월', '2010년 4월.1', '2010년 5월', '2010년 5월.1', '2010년 6월', '2010년 6월.1', '2010년 7월', '2010년 7월.1', '2010년 8월', '2010년 8월.1', '2010년 9월', '2010년 9월.1', '2010년 10월', '2010년 10월.1', '2010년 11월', '2010년 11월.1', '2010년 12월', '2010년 12월.1', '2011년 1월', '2011년 1월.1', '2011년 2월', '2011년 2월.1', '2011년 3월', '2011년 3월.1', '2011년 4월', '2011년 4월.1', '2011년 5월', '2011년 5월.1', '2011년 6월', '2011년 6월.1', '2011년 7월', '2011년 7월.1', '2011년 8월', '2011년 8월.1', '2011년 9월', '2011년 9월.1', '2011년 10월', '2011년 10월.1', '2011년 11월', '2011년 11월.1', '2011년 12월', '2011년 12월.1', '2012년 1월', '2012년 1월.1', '2012년 2월', '2012년 2월.1', '2012년 3월', '2012년 3월.1', '2012년 4월', '2012년 4월.1', '2012년 5월', '2012년 5월.1', '2012년 6월', '2012년 6월.1', '2012년 7월', '2012년 7월.1', '2012년 8월', '2012년 8월.1', '2012년 9월', '2012년 9월.1', '2012년 10월', '2012년 10월.1', '2012년 11월', '2012년 11월.1', '2012년 12월', '2012년 12월.1', '2013년 1월', '2013년 1월.1', '2013년 2월', '2013년 2월.1', '2013년 3월', '2013년 3월.1', '2013년 4월', '2013년 4월.1', '2013년 5월', '2013년 5월.1', '2013년 6월', '2013년 6월.1', '2013년 7월', '2013년 7월.1', '2013년 8월', '2013년 8월.1', '2013년 9월', '2013년 9월.1', '2013년 10월', '2013년 10월.1', '2013년 11월', '2013년 11월.1', '2013년 12월', '2013년 12월.1', '2014년 1월', '2014년 1월.1', '2014년 2월', '2014년 2월.1', '2014년 3월', '2014년 3월.1', '2014년 4월', '2014년 4월.1', '2014년 5월', '2014년 5월.1', '2014년 6월', '2014년 6월.1', '2014년 7월', '2014년 7월.1', '2014년 8월', '2014년 8월.1', '2014년 9월', '2014년 9월.1', '2014년 10월', '2014년 10월.1', '2014년 11월', '2014년 11월.1', '2014년 12월', '2014년 12월.1', '2015년 1월', '2015년 1월.1', '2015년 2월', '2015년 2월.1', '2015년 3월', '2015년 3월.1', '2015년 4월', '2015년 4월.1', '2015년 5월', '2015년 5월.1', '2015년 6월', '2015년 6월.1', '2015년 7월', '2015년 7월.1', '2015년 8월', '2015년 8월.1', '2015년 9월', '2015년 9월.1', '2015년 10월', '2015년 10월.1', '2015년 11월', '2015년 11월.1', '2015년 12월', '2015년 12월.1', '2016년 1월', '2016년 1월.1', '2016년 2월', '2016년 2월.1', '2016년 3월', '2016년 3월.1', '2016년 4월', '2016년 4월.1', '2016년 5월', '2016년 5월.1', '2016년 6월', '2016년 6월.1', '2016년 7월', '2016년 7월.1', '2016년 8월', '2016년 8월.1', '2016년 9월', '2016년 9월.1', '2016년 10월', '2016년 10월.1', '2016년 11월', '2016년 11월.1', '2016년 12월', '2016년 12월.1', '2017년 1월', '2017년 1월.1', '2017년 2월', '2017년 2월.1', '2017년 3월', '2017년 3월.1', '2017년 4월', '2017년 4월.1', '2017년 5월', '2017년 5월.1', '2017년 6월', '2017년 6월.1', '2017년 7월', '2017년 7월.1', '2017년 8월', '2017년 8월.1', '2017년 9월', '2017년 9월.1', '2017년 10월', '2017년 10월.1', '2017년 11월', '2017년 11월.1', '2017년 12월', '2017년 12월.1', '2018년 1월', '2018년 1월.1', '2018년 2월', '2018년 2월.1', '2018년 3월', '2018년 3월.1', '2018년 4월', '2018년 4월.1', '2018년 5월', '2018년 5월.1', '2018년 6월', '2018년 6월.1', '2018년 7월', '2018년 7월.1', '2018년 8월', '2018년 8월.1', '2018년 9월', '2018년 9월.1', '2018년 10월', '2018년 10월.1', '2018년 11월', '2018년 11월.1', '2018년 12월', '2018년 12월.1', '2019년 1월', '2019년 1월.1', '2019년 2월', '2019년 2월.1', '2019년 3월', '2019년 3월.1', '2019년 4월', '2019년 4월.1', '2019년 5월', '2019년 5월.1', '2019년 6월', '2019년 6월.1', '2019년 7월', '2019년 7월.1', '2019년 8월', '2019년 8월.1', '2019년 9월', '2019년 9월.1', '2019년 10월', '2019년 10월.1', '2019년 11월', '2019년 11월.1', '2019년 12월', '2019년 12월.1', '2020년 1월', '2020년 1월.1', '2020년 2월', '2020년 2월.1', '2020년 3월', '2020년 3월.1', '2020년 4월', '2020년 4월.1', '2020년 5월', '2020년 5월.1', '2020년 6월', '2020년 6월.1', '2020년 7월', '2020년 7월.1', '2020년 8월', '2020년 8월.1', '2020년 9월', '2020년 9월.1', '2020년 10월', '2020년 10월.1', '2020년 11월', '2020년 11월.1', '2020년 12월', '2020년 12월.1', '2021년 1월', '2021년 1월.1', '2021년 2월', '2021년 2월.1', '2021년 3월', '2021년 3월.1', '2021년 4월', '2021년 4월.1', '2021년 5월', '2021년 5월.1', '2021년 6월', '2021년 6월.1', '2021년 7월', '2021년 7월.1', '2021년 8월', '2021년 8월.1', '2021년 9월', '2021년 9월.1', '2021년 10월', '2021년 10월.1', '2021년 11월', '2021년 11월.1', '2021년 12월', '2021년 12월.1', '2022년 1월', '2022년 1월.1', '2022년 2월', '2022년 2월.1', '2022년 3월', '2022년 3월.1', '2022년 4월', '2022년 4월.1', '2022년 5월', '2022년 5월.1', '2022년 6월', '2022년 6월.1', '2022년 7월', '2022년 7월.1', '2022년 8월', '2022년 8월.1', '2022년 9월', '2022년 9월.1', '2022년 10월', '2022년 10월.1', '2022년 11월', '2022년 11월.1', '2022년 12월', '2022년 12월.1', '2023년 1월', '2023년 1월.1', '2023년 2월', '2023년 2월.1', '2023년 3월', '2023년 3월.1', '2023년 4월', '2023년 4월.1', '2023년 5월', '2023년 5월.1', '2023년 6월', '2023년 6월.1', '2023년 7월', '2023년 7월.1', '2023년 8월', '2023년 8월.1', '2023년 9월', '2023년 9월.1', '2023년 10월', '2023년 10월.1', '2023년 11월', '2023년 11월.1', '2023년 12월', '2023년 12월.1', '2024년 1월', '2024년 1월.1', '2024년 2월', '2024년 2월.1', '2024년 3월', '2024년 3월.1', '2024년 4월', '2024년 4월.1', '2024년 5월', '2024년 5월.1', '2024년 6월', '2024년 6월.1', '2024년 7월', '2024년 7월.1', '2024년 8월', '2024년 8월.1', '2024년 9월', '2024년 9월.1', '2024년 10월', '2024년 10월.1', '2024년 11월', '2024년 11월.1', '2024년 12월', '2024년 12월.1', '2025년 1월', '2025년 1월.1', '2025년 2월', '2025년 2월.1', '2025년 3월', '2025년 3월.1', '2025년 4월', '2025년 4월.1']"
/Users/gyeongmincho/Project/DataScience-2025/data/transactions/(월) 행정구역별 아파트거래현황.csv,"(5, 468)","['No', '지역', '지역.1', '지역.2', '2006년 1월', '2006년 1월.1', '2006년 2월', '2006년 2월.1', '2006년 3월', '2006년 3월.1', '2006년 4월', '2006년 4월.1', '2006년 5월', '2006년 5월.1', '2006년 6월', '2006년 6월.1', '2006년 7월', '2006년 7월.1', '2006년 8월', '2006년 8월.1', '2006년 9월', '2006년 9월.1', '2006년 10월', '2006년 10월.1', '2006년 11월', '2006년 11월.1', '2006년 12월', '2006년 12월.1', '2007년 1월', '2007년 1월.1', '2007년 2월', '2007년 2월.1', '2007년 3월', '2007년 3월.1', '2007년 4월', '2007년 4월.1', '2007년 5월', '2007년 5월.1', '2007년 6월', '2007년 6월.1', '2007년 7월', '2007년 7월.1', '2007년 8월', '2007년 8월.1', '2007년 9월', '2007년 9월.1', '2007년 10월', '2007년 10월.1', '2007년 11월', '2007년 11월.1', '2007년 12월', '2007년 12월.1', '2008년 1월', '2008년 1월.1', '2008년 2월', '2008년 2월.1', '2008년 3월', '2008년 3월.1', '2008년 4월', '2008년 4월.1', '2008년 5월', '2008년 5월.1', '2008년 6월', '2008년 6월.1', '2008년 7월', '2008년 7월.1', '2008년 8월', '2008년 8월.1', '2008년 9월', '2008년 9월.1', '2008년 10월', '2008년 10월.1', '2008년 11월', '2008년 11월.1', '2008년 12월', '2008년 12월.1', '2009년 1월', '2009년 1월.1', '2009년 2월', '2009년 2월.1', '2009년 3월', '2009년 3월.1', '2009년 4월', '2009년 4월.1', '2009년 5월', '2009년 5월.1', '2009년 6월', '2009년 6월.1', '2009년 7월', '2009년 7월.1', '2009년 8월', '2009년 8월.1', '2009년 9월', '2009년 9월.1', '2009년 10월', '2009년 10월.1', '2009년 11월', '2009년 11월.1', '2009년 12월', '2009년 12월.1', '2010년 1월', '2010년 1월.1', '2010년 2월', '2010년 2월.1', '2010년 3월', '2010년 3월.1', '2010년 4월', '2010년 4월.1', '2010년 5월', '2010년 5월.1', '2010년 6월', '2010년 6월.1', '2010년 7월', '2010년 7월.1', '2010년 8월', '2010년 8월.1', '2010년 9월', '2010년 9월.1', '2010년 10월', '2010년 10월.1', '2010년 11월', '2010년 11월.1', '2010년 12월', '2010년 12월.1', '2011년 1월', '2011년 1월.1', '2011년 2월', '2011년 2월.1', '2011년 3월', '2011년 3월.1', '2011년 4월', '2011년 4월.1', '2011년 5월', '2011년 5월.1', '2011년 6월', '2011년 6월.1', '2011년 7월', '2011년 7월.1', '2011년 8월', '2011년 8월.1', '2011년 9월', '2011년 9월.1', '2011년 10월', '2011년 10월.1', '2011년 11월', '2011년 11월.1', '2011년 12월', '2011년 12월.1', '2012년 1월', '2012년 1월.1', '2012년 2월', '2012년 2월.1', '2012년 3월', '2012년 3월.1', '2012년 4월', '2012년 4월.1', '2012년 5월', '2012년 5월.1', '2012년 6월', '2012년 6월.1', '2012년 7월', '2012년 7월.1', '2012년 8월', '2012년 8월.1', '2012년 9월', '2012년 9월.1', '2012년 10월', '2012년 10월.1', '2012년 11월', '2012년 11월.1', '2012년 12월', '2012년 12월.1', '2013년 1월', '2013년 1월.1', '2013년 2월', '2013년 2월.1', '2013년 3월', '2013년 3월.1', '2013년 4월', '2013년 4월.1', '2013년 5월', '2013년 5월.1', '2013년 6월', '2013년 6월.1', '2013년 7월', '2013년 7월.1', '2013년 8월', '2013년 8월.1', '2013년 9월', '2013년 9월.1', '2013년 10월', '2013년 10월.1', '2013년 11월', '2013년 11월.1', '2013년 12월', '2013년 12월.1', '2014년 1월', '2014년 1월.1', '2014년 2월', '2014년 2월.1', '2014년 3월', '2014년 3월.1', '2014년 4월', '2014년 4월.1', '2014년 5월', '2014년 5월.1', '2014년 6월', '2014년 6월.1', '2014년 7월', '2014년 7월.1', '2014년 8월', '2014년 8월.1', '2014년 9월', '2014년 9월.1', '2014년 10월', '2014년 10월.1', '2014년 11월', '2014년 11월.1', '2014년 12월', '2014년 12월.1', '2015년 1월', '2015년 1월.1', '2015년 2월', '2015년 2월.1', '2015년 3월', '2015년 3월.1', '2015년 4월', '2015년 4월.1', '2015년 5월', '2015년 5월.1', '2015년 6월', '2015년 6월.1', '2015년 7월', '2015년 7월.1', '2015년 8월', '2015년 8월.1', '2015년 9월', '2015년 9월.1', '2015년 10월', '2015년 10월.1', '2015년 11월', '2015년 11월.1', '2015년 12월', '2015년 12월.1', '2016년 1월', '2016년 1월.1', '2016년 2월', '2016년 2월.1', '2016년 3월', '2016년 3월.1', '2016년 4월', '2016년 4월.1', '2016년 5월', '2016년 5월.1', '2016년 6월', '2016년 6월.1', '2016년 7월', '2016년 7월.1', '2016년 8월', '2016년 8월.1', '2016년 9월', '2016년 9월.1', '2016년 10월', '2016년 10월.1', '2016년 11월', '2016년 11월.1', '2016년 12월', '2016년 12월.1', '2017년 1월', '2017년 1월.1', '2017년 2월', '2017년 2월.1', '2017년 3월', '2017년 3월.1', '2017년 4월', '2017년 4월.1', '2017년 5월', '2017년 5월.1', '2017년 6월', '2017년 6월.1', '2017년 7월', '2017년 7월.1', '2017년 8월', '2017년 8월.1', '2017년 9월', '2017년 9월.1', '2017년 10월', '2017년 10월.1', '2017년 11월', '2017년 11월.1', '2017년 12월', '2017년 12월.1', '2018년 1월', '2018년 1월.1', '2018년 2월', '2018년 2월.1', '2018년 3월', '2018년 3월.1', '2018년 4월', '2018년 4월.1', '2018년 5월', '2018년 5월.1', '2018년 6월', '2018년 6월.1', '2018년 7월', '2018년 7월.1', '2018년 8월', '2018년 8월.1', '2018년 9월', '2018년 9월.1', '2018년 10월', '2018년 10월.1', '2018년 11월', '2018년 11월.1', '2018년 12월', '2018년 12월.1', '2019년 1월', '2019년 1월.1', '2019년 2월', '2019년 2월.1', '2019년 3월', '2019년 3월.1', '2019년 4월', '2019년 4월.1', '2019년 5월', '2019년 5월.1', '2019년 6월', '2019년 6월.1', '2019년 7월', '2019년 7월.1', '2019년 8월', '2019년 8월.1', '2019년 9월', '2019년 9월.1', '2019년 10월', '2019년 10월.1', '2019년 11월', '2019년 11월.1', '2019년 12월', '2019년 12월.1', '2020년 1월', '2020년 1월.1', '2020년 2월', '2020년 2월.1', '2020년 3월', '2020년 3월.1', '2020년 4월', '2020년 4월.1', '2020년 5월', '2020년 5월.1', '2020년 6월', '2020년 6월.1', '2020년 7월', '2020년 7월.1', '2020년 8월', '2020년 8월.1', '2020년 9월', '2020년 9월.1', '2020년 10월', '2020년 10월.1', '2020년 11월', '2020년 11월.1', '2020년 12월', '2020년 12월.1', '2021년 1월', '2021년 1월.1', '2021년 2월', '2021년 2월.1', '2021년 3월', '2021년 3월.1', '2021년 4월', '2021년 4월.1', '2021년 5월', '2021년 5월.1', '2021년 6월', '2021년 6월.1', '2021년 7월', '2021년 7월.1', '2021년 8월', '2021년 8월.1', '2021년 9월', '2021년 9월.1', '2021년 10월', '2021년 10월.1', '2021년 11월', '2021년 11월.1', '2021년 12월', '2021년 12월.1', '2022년 1월', '2022년 1월.1', '2022년 2월', '2022년 2월.1', '2022년 3월', '2022년 3월.1', '2022년 4월', '2022년 4월.1', '2022년 5월', '2022년 5월.1', '2022년 6월', '2022년 6월.1', '2022년 7월', '2022년 7월.1', '2022년 8월', '2022년 8월.1', '2022년 9월', '2022년 9월.1', '2022년 10월', '2022년 10월.1', '2022년 11월', '2022년 11월.1', '2022년 12월', '2022년 12월.1', '2023년 1월', '2023년 1월.1', '2023년 2월', '2023년 2월.1', '2023년 3월', '2023년 3월.1', '2023년 4월', '2023년 4월.1', '2023년 5월', '2023년 5월.1', '2023년 6월', '2023년 6월.1', '2023년 7월', '2023년 7월.1', '2023년 8월', '2023년 8월.1', '2023년 9월', '2023년 9월.1', '2023년 10월', '2023년 10월.1', '2023년 11월', '2023년 11월.1', '2023년 12월', '2023년 12월.1', '2024년 1월', '2024년 1월.1', '2024년 2월', '2024년 2월.1', '2024년 3월', '2024년 3월.1', '2024년 4월', '2024년 4월.1', '2024년 5월', '2024년 5월.1', '2024년 6월', '2024년 6월.1', '2024년 7월', '2024년 7월.1', '2024년 8월', '2024년 8월.1', '2024년 9월', '2024년 9월.1', '2024년 10월', '2024년 10월.1', '2024년 11월', '2024년 11월.1', '2024년 12월', '2024년 12월.1', '2025년 1월', '2025년 1월.1', '2025년 2월', '2025년 2월.1', '2025년 3월', '2025년 3월.1', '2025년 4월', '2025년 4월.1']"
/Users/gyeongmincho/Project/DataScience-2025/data/transactions/(월) 행정구역별 아파트매매거래현황_전체.csv,"(5, 235)","['행정구역별', '항목', '단위', '2006.01 월', '2006.02 월', '2006.03 월', '2006.04 월', '2006.05 월', '2006.06 월', '2006.07 월', '2006.08 월', '2006.09 월', '2006.10 월', '2006.11 월', '2006.12 월', '2007.01 월', '2007.02 월', '2007.03 월', '2007.04 월', '2007.05 월', '2007.06 월', '2007.07 월', '2007.08 월', '2007.09 월', '2007.10 월', '2007.11 월', '2007.12 월', '2008.01 월', '2008.02 월', '2008.03 월', '2008.04 월', '2008.05 월', '2008.06 월', '2008.07 월', '2008.08 월', '2008.09 월', '2008.10 월', '2008.11 월', '2008.12 월', '2009.01 월', '2009.02 월', '2009.03 월', '2009.04 월', '2009.05 월', '2009.06 월', '2009.07 월', '2009.08 월', '2009.09 월', '2009.10 월', '2009.11 월', '2009.12 월', '2010.01 월', '2010.02 월', '2010.03 월', '2010.04 월', '2010.05 월', '2010.06 월', '2010.07 월', '2010.08 월', '2010.09 월', '2010.10 월', '2010.11 월', '2010.12 월', '2011.01 월', '2011.02 월', '2011.03 월', '2011.04 월', '2011.05 월', '2011.06 월', '2011.07 월', '2011.08 월', '2011.09 월', '2011.10 월', '2011.11 월', '2011.12 월', '2012.01 월', '2012.02 월', '2012.03 월', '2012.04 월', '2012.05 월', '2012.06 월', '2012.07 월', '2012.08 월', '2012.09 월', '2012.10 월', '2012.11 월', '2012.12 월', '2013.01 월', '2013.02 월', '2013.03 월', '2013.04 월', '2013.05 월', '2013.06 월', '2013.07 월', '2013.08 월', '2013.09 월', '2013.10 월', '2013.11 월', '2013.12 월', '2014.01 월', '2014.02 월', '2014.03 월', '2014.04 월', '2014.05 월', '2014.06 월', '2014.07 월', '2014.08 월', '2014.09 월', '2014.10 월', '2014.11 월', '2014.12 월', '2015.01 월', '2015.02 월', '2015.03 월', '2015.04 월', '2015.05 월', '2015.06 월', '2015.07 월', '2015.08 월', '2015.09 월', '2015.10 월', '2015.11 월', '2015.12 월', '2016.01 월', '2016.02 월', '2016.03 월', '2016.04 월', '2016.05 월', '2016.06 월', '2016.07 월', '2016.08 월', '2016.09 월', '2016.10 월', '2016.11 월', '2016.12 월', '2017.01 월', '2017.02 월', '2017.03 월', '2017.04 월', '2017.05 월', '2017.06 월', '2017.07 월', '2017.08 월', '2017.09 월', '2017.10 월', '2017.11 월', '2017.12 월', '2018.01 월', '2018.02 월', '2018.03 월', '2018.04 월', '2018.05 월', '2018.06 월', '2018.07 월', '2018.08 월', '2018.09 월', '2018.10 월', '2018.11 월', '2018.12 월', '2019.01 월', '2019.02 월', '2019.03 월', '2019.04 월', '2019.05 월', '2019.06 월', '2019.07 월', '2019.08 월', '2019.09 월', '2019.10 월', '2019.11 월', '2019.12 월', '2020.01 월', '2020.02 월', '2020.03 월', '2020.04 월', '2020.05 월', '2020.06 월', '2020.07 월', '2020.08 월', '2020.09 월', '2020.10 월', '2020.11 월', '2020.12 월', '2021.01 월', '2021.02 월', '2021.03 월', '2021.04 월', '2021.05 월', '2021.06 월', '2021.07 월', '2021.08 월', '2021.09 월', '2021.10 월', '2021.11 월', '2021.12 월', '2022.01 월', '2022.02 월', '2022.03 월', '2022.04 월', '2022.05 월', '2022.06 월', '2022.07 월', '2022.08 월', '2022.09 월', '2022.10 월', '2022.11 월', '2022.12 월', '2023.01 월', '2023.02 월', '2023.03 월', '2023.04 월', '2023.05 월', '2023.06 월', '2023.07 월', '2023.08 월', '2023.09 월', '2023.10 월', '2023.11 월', '2023.12 월', '2024.01 월', '2024.02 월', '2024.03 월', '2024.04 월', '2024.05 월', '2024.06 월', '2024.07 월', '2024.08 월', '2024.09 월', '2024.10 월', '2024.11 월', '2024.12 월', '2025.01 월', '2025.02 월', '2025.03 월', 'Unnamed: 234']"
/Users/gyeongmincho/Project/DataScience-2025/data/competition/한국부동산원_연도별 청약 평균 분양가 정보_20250430.csv,"(5, 4)","['연도', '60제곱미터 이하', '60제곱미터 초과 85제곱미터 이하', '85제곱미터 초과']"
/Users/gyeongmincho/Project/DataScience-2025/data/competition/한국부동산원_지역별 청약 평균 분양가 정보_20250430.csv,"(5, 5)","['연도', '지역', '60제곱미터 이하', '60제곱미터 초과 85제곱미터 이하', '85제곱미터 초과']"
/Users/gyeongmincho/Project/DataScience-2025/data/competition/한국부동산원_지역별 청약 경쟁률 정보_20250430.csv,"(5, 8)","['연월', '시도', '특별공급 공급세대수', '특별공급 접수건수', '특별공급 경쟁률', '일반공급 공급세대수', '일반공급 접수건수', '일반공급 경쟁률']"
