No,분류,분류.1,분류.2,분류.3,2013-01-07,2013-01-14,2013-01-21,2013-01-28,2013-02-04,2013-02-11,2013-02-18,2013-02-25,2013-03-04,2013-03-11,2013-03-18,2013-03-25,2013-04-01,2013-04-08,2013-04-15,2013-04-22,2013-04-29,2013-05-06,2013-05-13,2013-05-20,2013-05-27,2013-06-03,2013-06-10,2013-06-17,2013-06-24,2013-07-01,2013-07-08,2013-07-15,2013-07-22,2013-07-29,2013-08-05,2013-08-12,2013-08-19,2013-08-26,2013-09-02,2013-09-09,2013-09-16,2013-09-23,2013-09-30,2013-10-07,2013-10-14,2013-10-21,2013-10-28,2013-11-04,2013-11-11,2013-11-18,2013-11-25,2013-12-02,2013-12-09,2013-12-16,2013-12-23,2013-12-30,2014-01-06,2014-01-13,2014-01-20,2014-01-27,2014-02-03,2014-02-10,2014-02-17,2014-02-24,2014-03-03,2014-03-10,2014-03-17,2014-03-24,2014-03-31,2014-04-07,2014-04-14,2014-04-21,2014-04-28,2014-05-05,2014-05-12,2014-05-19,2014-05-26,2014-06-02,2014-06-09,2014-06-16,2014-06-23,2014-06-30,2014-07-07,2014-07-14,2014-07-21,2014-07-28,2014-08-04,2014-08-11,2014-08-18,2014-08-25,2014-09-01,2014-09-08,2014-09-15,2014-09-22,2014-09-29,2014-10-06,2014-10-13,2014-10-20,2014-10-27,2014-11-03,2014-11-10,2014-11-17,2014-11-24,2014-12-01,2014-12-08,2014-12-15,2014-12-22,2014-12-29,2015-01-05,2015-01-12,2015-01-19,2015-01-26,2015-02-02,2015-02-09,2015-02-16,2015-02-23,2015-03-02,2015-03-09,2015-03-16,2015-03-23,2015-03-30,2015-04-06,2015-04-13,2015-04-20,2015-04-27,2015-05-04,2015-05-11,2015-05-18,2015-05-25,2015-06-01,2015-06-08,2015-06-15,2015-06-22,2015-06-29,2015-07-06,2015-07-13,2015-07-20,2015-07-27,2015-08-03,2015-08-10,2015-08-17,2015-08-24,2015-08-31,2015-09-07,2015-09-14,2015-09-21,2015-09-28,2015-10-05,2015-10-12,2015-10-19,2015-10-26,2015-11-02,2015-11-09,2015-11-16,2015-11-23,2015-11-30,2015-12-07,2015-12-14,2015-12-21,2015-12-28,2016-01-04,2016-01-11,2016-01-18,2016-01-25,2016-02-01,2016-02-08,2016-02-15,2016-02-22,2016-02-29,2016-03-07,2016-03-14,2016-03-21,2016-03-28,2016-04-04,2016-04-11,2016-04-18,2016-04-25,2016-05-02,2016-05-09,2016-05-16,2016-05-23,2016-05-30,2016-06-06,2016-06-13,2016-06-20,2016-06-27,2016-07-04,2016-07-11,2016-07-18,2016-07-25,2016-08-01,2016-08-08,2016-08-15,2016-08-22,2016-08-29,2016-09-05,2016-09-12,2016-09-19,2016-09-26,2016-10-03,2016-10-10,2016-10-17,2016-10-24,2016-10-31,2016-11-07,2016-11-14,2016-11-21,2016-11-28,2016-12-05,2016-12-12,2016-12-19,2016-12-26,2017-01-02,2017-01-09,2017-01-16,2017-01-23,2017-01-30,2017-02-06,2017-02-13,2017-02-20,2017-02-27,2017-03-06,2017-03-13,2017-03-20,2017-03-27,2017-04-03,2017-04-10,2017-04-17,2017-04-24,2017-05-01,2017-05-08,2017-05-15,2017-05-22,2017-05-29,2017-06-05,2017-06-12,2017-06-19,2017-06-26,2017-07-03,2017-07-10,2017-07-17,2017-07-24,2017-07-31,2017-08-07,2017-08-14,2017-08-21,2017-08-28,2017-09-04,2017-09-11,2017-09-18,2017-09-25,2017-10-09,2017-10-16,2017-10-23,2017-10-30,2017-11-06,2017-11-13,2017-11-20,2017-11-27,2017-12-04,2017-12-11,2017-12-18,2017-12-25,2018-01-01,2018-01-08,2018-01-15,2018-01-22,2018-01-29,2018-02-05,2018-02-12,2018-02-19,2018-02-26,2018-03-05,2018-03-12,2018-03-19,2018-03-26,2018-04-02,2018-04-09,2018-04-16,2018-04-23,2018-04-30,2018-05-07,2018-05-14,2018-05-21,2018-05-28,2018-06-04,2018-06-11,2018-06-18,2018-06-25,2018-07-02,2018-07-09,2018-07-16,2018-07-23,2018-07-30,2018-08-06,2018-08-13,2018-08-20,2018-08-27,2018-09-03,2018-09-10,2018-09-17,2018-09-24,2018-10-01,2018-10-08,2018-10-15,2018-10-22,2018-10-29,2018-11-05,2018-11-12,2018-11-19,2018-11-26,2018-12-03,2018-12-10,2018-12-17,2018-12-24,2018-12-31,2019-01-07,2019-01-14,2019-01-21,2019-01-28,2019-02-04,2019-02-11,2019-02-18,2019-02-25,2019-03-04,2019-03-11,2019-03-18,2019-03-25,2019-04-01,2019-04-08,2019-04-15,2019-04-22,2019-04-29,2019-05-06,2019-05-13,2019-05-20,2019-05-27,2019-06-03,2019-06-10,2019-06-17,2019-06-24,2019-07-01,2019-07-08,2019-07-15,2019-07-22,2019-07-29,2019-08-05,2019-08-12,2019-08-19,2019-08-26,2019-09-02,2019-09-09,2019-09-16,2019-09-23,2019-09-30,2019-10-07,2019-10-14,2019-10-21,2019-10-28,2019-11-04,2019-11-11,2019-11-18,2019-11-25,2019-12-02,2019-12-09,2019-12-16,2019-12-23,2019-12-30,2020-01-06,2020-01-13,2020-01-20,2020-01-27,2020-02-03,2020-02-10,2020-02-17,2020-02-24,2020-03-02,2020-03-09,2020-03-16,2020-03-23,2020-03-30,2020-04-06,2020-04-13,2020-04-20,2020-04-27,2020-05-04,2020-05-11,2020-05-18,2020-05-25,2020-06-01,2020-06-08,2020-06-15,2020-06-22,2020-06-29,2020-07-06,2020-07-13,2020-07-20,2020-07-27,2020-08-03,2020-08-10,2020-08-17,2020-08-24,2020-08-31,2020-09-07,2020-09-14,2020-09-21,2020-09-28,2020-10-05,2020-10-12,2020-10-19,2020-10-26,2020-11-02,2020-11-09,2020-11-16,2020-11-23,2020-11-30,2020-12-07,2020-12-14,2020-12-21,2020-12-28,2021-01-04,2021-01-11,2021-01-18,2021-01-25,2021-02-01,2021-02-08,2021-02-15,2021-02-22,2021-03-01,2021-03-08,2021-03-15,2021-03-22,2021-03-29,2021-04-05,2021-04-12,2021-04-19,2021-04-26,2021-05-03,2021-05-10,2021-05-17,2021-05-24,2021-05-31,2021-06-07,2021-06-14,2021-06-21,2021-06-28,2021-07-05,2021-07-12,2021-07-19,2021-07-26,2021-08-02,2021-08-09,2021-08-16,2021-08-23,2021-08-30,2021-09-06,2021-09-13,2021-09-20,2021-09-27,2021-10-04,2021-10-11,2021-10-18,2021-10-25,2021-11-01,2021-11-08,2021-11-15,2021-11-22,2021-11-29,2021-12-06,2021-12-13,2021-12-20,2021-12-27,2022-01-03,2022-01-10,2022-01-17,2022-01-24,2022-01-31,2022-02-07,2022-02-14,2022-02-21,2022-02-28,2022-03-07,2022-03-14,2022-03-21,2022-03-28,2022-04-04,2022-04-11,2022-04-18,2022-04-25,2022-05-02,2022-05-09,2022-05-16,2022-05-23,2022-05-30,2022-06-06,2022-06-13,2022-06-20,2022-06-27,2022-07-04,2022-07-11,2022-07-18,2022-07-25,2022-08-01,2022-08-08,2022-08-15,2022-08-22,2022-08-29,2022-09-05,2022-09-12,2022-09-19,2022-09-26,2022-10-03,2022-10-10,2022-10-17,2022-10-24,2022-10-31,2022-11-07,2022-11-14,2022-11-21,2022-11-28,2022-12-05,2022-12-12,2022-12-19,2022-12-26,2023-01-02,2023-01-09,2023-01-16,2023-01-23,2023-01-30,2023-02-06,2023-02-13,2023-02-20,2023-02-27,2023-03-06,2023-03-13,2023-03-20,2023-03-27,2023-04-03,2023-04-10,2023-04-17,2023-04-24,2023-05-01,2023-05-08,2023-05-15,2023-05-22,2023-05-29,2023-06-05,2023-06-12,2023-06-19,2023-06-26,2023-07-03,2023-07-10,2023-07-17,2023-07-24,2023-07-31,2023-08-07,2023-08-14,2023-08-21,2023-08-28,2023-09-04,2023-09-11,2023-09-18,2023-09-25,2023-10-02,2023-10-09,2023-10-16,2023-10-23,2023-10-30,2023-11-06,2023-11-13,2023-11-20,2023-11-27,2023-12-04,2023-12-11,2023-12-18,2023-12-25,2024-01-01,2024-01-08,2024-01-15,2024-01-22,2024-01-29,2024-02-05,2024-02-12,2024-02-19,2024-02-26,2024-03-04,2024-03-11,2024-03-18,2024-03-25,2024-04-01,2024-04-08,2024-04-15,2024-04-22,2024-04-29,2024-05-06,2024-05-13,2024-05-20,2024-05-27,2024-06-03,2024-06-10,2024-06-17,2024-06-24,2024-07-01,2024-07-08,2024-07-15,2024-07-22,2024-07-29,2024-08-05,2024-08-12,2024-08-19,2024-08-26,2024-09-02,2024-09-09,2024-09-16,2024-09-23,2024-09-30,2024-10-07,2024-10-14,2024-10-21,2024-10-28,2024-11-04,2024-11-11,2024-11-18,2024-11-25,2024-12-02,2024-12-09,2024-12-16,2024-12-23,2024-12-30
No,분류,분류,분류,분류,지수,지수,지수,지수,지수,지수,지수,지수,지수,지수,지수,지수,지수,지수,지수,지수,지수,지수,지수,지수,지수,지수,지수,지수,지수,지수,지수,지수,지수,지수,지수,지수,지수,지수,지수,지수,지수,지수,지수,지수,지수,지수,지수,지수,지수,지수,지수,지수,지수,지수,지수,지수,지수,지수,지수,지수,지수,지수,지수,지수,지수,지수,지수,지수,지수,지수,지수,지수,지수,지수,지수,지수,지수,지수,지수,지수,지수,지수,지수,지수,지수,지수,지수,지수,지수,지수,지수,지수,지수,지수,지수,지수,지수,지수,지수,지수,지수,지수,지수,지수,지수,지수,지수,지수,지수,지수,지수,지수,지수,지수,지수,지수,지수,지수,지수,지수,지수,지수,지수,지수,지수,지수,지수,지수,지수,지수,지수,지수,지수,지수,지수,지수,지수,지수,지수,지수,지수,지수,지수,지수,지수,지수,지수,지수,지수,지수,지수,지수,지수,지수,지수,지수,지수,지수,지수,지수,지수,지수,지수,지수,지수,지수,지수,지수,지수,지수,지수,지수,지수,지수,지수,지수,지수,지수,지수,지수,지수,지수,지수,지수,지수,지수,지수,지수,지수,지수,지수,지수,지수,지수,지수,지수,지수,지수,지수,지수,지수,지수,지수,지수,지수,지수,지수,지수,지수,지수,지수,지수,지수,지수,지수,지수,지수,지수,지수,지수,지수,지수,지수,지수,지수,지수,지수,지수,지수,지수,지수,지수,지수,지수,지수,지수,지수,지수,지수,지수,지수,지수,지수,지수,지수,지수,지수,지수,지수,지수,지수,지수,지수,지수,지수,지수,지수,지수,지수,지수,지수,지수,지수,지수,지수,지수,지수,지수,지수,지수,지수,지수,지수,지수,지수,지수,지수,지수,지수,지수,지수,지수,지수,지수,지수,지수,지수,지수,지수,지수,지수,지수,지수,지수,지수,지수,지수,지수,지수,지수,지수,지수,지수,지수,지수,지수,지수,지수,지수,지수,지수,지수,지수,지수,지수,지수,지수,지수,지수,지수,지수,지수,지수,지수,지수,지수,지수,지수,지수,지수,지수,지수,지수,지수,지수,지수,지수,지수,지수,지수,지수,지수,지수,지수,지수,지수,지수,지수,지수,지수,지수,지수,지수,지수,지수,지수,지수,지수,지수,지수,지수,지수,지수,지수,지수,지수,지수,지수,지수,지수,지수,지수,지수,지수,지수,지수,지수,지수,지수,지수,지수,지수,지수,지수,지수,지수,지수,지수,지수,지수,지수,지수,지수,지수,지수,지수,지수,지수,지수,지수,지수,지수,지수,지수,지수,지수,지수,지수,지수,지수,지수,지수,지수,지수,지수,지수,지수,지수,지수,지수,지수,지수,지수,지수,지수,지수,지수,지수,지수,지수,지수,지수,지수,지수,지수,지수,지수,지수,지수,지수,지수,지수,지수,지수,지수,지수,지수,지수,지수,지수,지수,지수,지수,지수,지수,지수,지수,지수,지수,지수,지수,지수,지수,지수,지수,지수,지수,지수,지수,지수,지수,지수,지수,지수,지수,지수,지수,지수,지수,지수,지수,지수,지수,지수,지수,지수,지수,지수,지수,지수,지수,지수,지수,지수,지수,지수,지수,지수,지수,지수,지수,지수,지수,지수,지수,지수,지수,지수,지수,지수,지수,지수,지수,지수,지수,지수,지수,지수,지수,지수,지수,지수,지수,지수,지수,지수,지수,지수,지수,지수,지수,지수,지수,지수,지수,지수,지수,지수,지수,지수,지수,지수,지수,지수,지수,지수,지수,지수,지수,지수,지수,지수,지수,지수,지수,지수,지수,지수,지수,지수,지수,지수,지수,지수,지수,지수,지수,지수,지수,지수,지수,지수,지수,지수,지수,지수,지수,지수,지수,지수,지수,지수,지수,지수,지수,지수,지수,지수,지수,지수,지수,지수,지수,지수,지수,지수,지수,지수,지수,지수,지수,지수,지수,지수,지수,지수,지수,지수,지수,지수,지수,지수,지수,지수,지수,지수,지수,지수,지수,지수,지수,지수,지수,지수,지수,지수,지수,지수,지수
No,분류,분류,분류,분류,원자료,원자료,원자료,원자료,원자료,원자료,원자료,원자료,원자료,원자료,원자료,원자료,원자료,원자료,원자료,원자료,원자료,원자료,원자료,원자료,원자료,원자료,원자료,원자료,원자료,원자료,원자료,원자료,원자료,원자료,원자료,원자료,원자료,원자료,원자료,원자료,원자료,원자료,원자료,원자료,원자료,원자료,원자료,원자료,원자료,원자료,원자료,원자료,원자료,원자료,원자료,원자료,원자료,원자료,원자료,원자료,원자료,원자료,원자료,원자료,원자료,원자료,원자료,원자료,원자료,원자료,원자료,원자료,원자료,원자료,원자료,원자료,원자료,원자료,원자료,원자료,원자료,원자료,원자료,원자료,원자료,원자료,원자료,원자료,원자료,원자료,원자료,원자료,원자료,원자료,원자료,원자료,원자료,원자료,원자료,원자료,원자료,원자료,원자료,원자료,원자료,원자료,원자료,원자료,원자료,원자료,원자료,원자료,원자료,원자료,원자료,원자료,원자료,원자료,원자료,원자료,원자료,원자료,원자료,원자료,원자료,원자료,원자료,원자료,원자료,원자료,원자료,원자료,원자료,원자료,원자료,원자료,원자료,원자료,원자료,원자료,원자료,원자료,원자료,원자료,원자료,원자료,원자료,원자료,원자료,원자료,원자료,원자료,원자료,원자료,원자료,원자료,원자료,원자료,원자료,원자료,원자료,원자료,원자료,원자료,원자료,원자료,원자료,원자료,원자료,원자료,원자료,원자료,원자료,원자료,원자료,원자료,원자료,원자료,원자료,원자료,원자료,원자료,원자료,원자료,원자료,원자료,원자료,원자료,원자료,원자료,원자료,원자료,원자료,원자료,원자료,원자료,원자료,원자료,원자료,원자료,원자료,원자료,원자료,원자료,원자료,원자료,원자료,원자료,원자료,원자료,원자료,원자료,원자료,원자료,원자료,원자료,원자료,원자료,원자료,원자료,원자료,원자료,원자료,원자료,원자료,원자료,원자료,원자료,원자료,원자료,원자료,원자료,원자료,원자료,원자료,원자료,원자료,원자료,원자료,원자료,원자료,원자료,원자료,원자료,원자료,원자료,원자료,원자료,원자료,원자료,원자료,원자료,원자료,원자료,원자료,원자료,원자료,원자료,원자료,원자료,원자료,원자료,원자료,원자료,원자료,원자료,원자료,원자료,원자료,원자료,원자료,원자료,원자료,원자료,원자료,원자료,원자료,원자료,원자료,원자료,원자료,원자료,원자료,원자료,원자료,원자료,원자료,원자료,원자료,원자료,원자료,원자료,원자료,원자료,원자료,원자료,원자료,원자료,원자료,원자료,원자료,원자료,원자료,원자료,원자료,원자료,원자료,원자료,원자료,원자료,원자료,원자료,원자료,원자료,원자료,원자료,원자료,원자료,원자료,원자료,원자료,원자료,원자료,원자료,원자료,원자료,원자료,원자료,원자료,원자료,원자료,원자료,원자료,원자료,원자료,원자료,원자료,원자료,원자료,원자료,원자료,원자료,원자료,원자료,원자료,원자료,원자료,원자료,원자료,원자료,원자료,원자료,원자료,원자료,원자료,원자료,원자료,원자료,원자료,원자료,원자료,원자료,원자료,원자료,원자료,원자료,원자료,원자료,원자료,원자료,원자료,원자료,원자료,원자료,원자료,원자료,원자료,원자료,원자료,원자료,원자료,원자료,원자료,원자료,원자료,원자료,원자료,원자료,원자료,원자료,원자료,원자료,원자료,원자료,원자료,원자료,원자료,원자료,원자료,원자료,원자료,원자료,원자료,원자료,원자료,원자료,원자료,원자료,원자료,원자료,원자료,원자료,원자료,원자료,원자료,원자료,원자료,원자료,원자료,원자료,원자료,원자료,원자료,원자료,원자료,원자료,원자료,원자료,원자료,원자료,원자료,원자료,원자료,원자료,원자료,원자료,원자료,원자료,원자료,원자료,원자료,원자료,원자료,원자료,원자료,원자료,원자료,원자료,원자료,원자료,원자료,원자료,원자료,원자료,원자료,원자료,원자료,원자료,원자료,원자료,원자료,원자료,원자료,원자료,원자료,원자료,원자료,원자료,원자료,원자료,원자료,원자료,원자료,원자료,원자료,원자료,원자료,원자료,원자료,원자료,원자료,원자료,원자료,원자료,원자료,원자료,원자료,원자료,원자료,원자료,원자료,원자료,원자료,원자료,원자료,원자료,원자료,원자료,원자료,원자료,원자료,원자료,원자료,원자료,원자료,원자료,원자료,원자료,원자료,원자료,원자료,원자료,원자료,원자료,원자료,원자료,원자료,원자료,원자료,원자료,원자료,원자료,원자료,원자료,원자료,원자료,원자료,원자료,원자료,원자료,원자료,원자료,원자료,원자료,원자료,원자료,원자료,원자료,원자료,원자료,원자료,원자료,원자료,원자료,원자료,원자료,원자료,원자료,원자료,원자료,원자료,원자료,원자료,원자료,원자료,원자료,원자료,원자료,원자료,원자료,원자료,원자료,원자료,원자료,원자료,원자료,원자료,원자료,원자료,원자료,원자료,원자료,원자료,원자료,원자료,원자료,원자료,원자료,원자료,원자료,원자료,원자료,원자료,원자료,원자료,원자료,원자료,원자료,원자료,원자료,원자료,원자료,원자료,원자료,원자료,원자료,원자료,원자료,원자료,원자료,원자료,원자료,원자료,원자료,원자료,원자료,원자료,원자료,원자료,원자료,원자료,원자료,원자료,원자료,원자료,원자료,원자료,원자료,원자료,원자료,원자료,원자료,원자료,원자료,원자료,원자료,원자료,원자료,원자료
1,서울,강남지역,동남권,송파구,63.78,63.74,63.72,63.72,63.77,63.76,63.77,63.92,63.98,64.00,64.03,63.87,64.24,64.49,64.72,64.83,65.03,65.15,65.14,65.01,64.95,64.86,64.78,64.69,64.61,64.51,64.43,64.28,64.26,64.18,64.14,64.12,64.10,64.14,64.28,64.54,64.75,64.88,65.07,65.38,65.57,65.60,65.72,65.78,65.80,65.71,65.69,65.69,65.91,65.99,66.10,66.16,66.16,66.16,66.23,66.27,66.32,66.37,66.63,66.68,66.83,66.84,66.88,66.86,66.86,66.85,66.91,66.87,66.79,66.78,66.70,66.66,66.64,66.64,66.63,66.63,66.63,66.63,66.65,66.72,66.74,66.75,66.79,66.85,66.86,66.94,67.03,67.10,67.17,67.30,67.45,67.56,67.65,67.64,67.64,67.61,67.62,67.62,67.60,67.59,67.59,67.57,67.57,67.59,67.61,67.62,67.67,67.71,67.76,67.84,67.86,67.88,67.94,68.09,68.20,68.26,68.34,68.49,68.64,68.76,68.80,68.93,69.06,69.14,69.30,69.34,69.49,69.54,69.58,69.67,69.72,69.79,69.84,69.96,69.98,70.07,70.11,70.19,70.20,70.28,70.36,70.60,70.69,70.75,70.86,70.88,70.98,71.02,71.16,71.36,71.50,71.57,71.55,71.55,71.55,71.55,71.55,71.52,71.52,71.52,71.52,71.52,71.50,71.47,71.46,71.46,71.42,71.40,71.40,71.41,71.43,71.45,71.47,71.49,71.51,71.57,71.62,71.67,71.70,71.75,71.81,71.90,71.93,71.93,71.97,71.98,71.99,72.02,72.05,72.11,72.20,72.28,72.30,72.32,72.36,72.46,72.63,72.77,72.82,72.87,72.86,72.85,72.83,72.80,72.77,72.74,72.68,72.64,72.62,72.61,72.60,72.60,72.62,72.62,72.63,72.68,72.73,72.74,72.79,72.84,72.87,72.91,72.99,73.05,73.08,73.11,73.15,73.27,73.49,73.94,74.33,74.57,74.59,74.60,74.62,74.70,74.88,75.14,75.63,75.60,75.49,75.45,75.42,75.44,75.51,75.73,76.15,76.34,76.48,76.63,76.76,76.84,76.94,77.29,78.08,78.54,78.89,79.11,79.41,80.09,80.96,82.09,82.64,83.09,83.72,84.05,84.37,84.78,84.89,84.94,85.10,85.15,85.16,85.17,85.16,85.11,85.07,85.02,84.98,84.91,84.76,84.63,84.54,84.46,84.39,84.32,84.28,84.31,84.35,84.51,84.69,84.87,85.26,85.70,86.21,86.65,86.88,86.96,87.02,87.07,87.08,87.05,87.01,86.92,86.83,86.73,86.61,86.47,86.38,86.23,86.10,85.95,85.78,85.65,85.52,85.37,85.26,85.22,85.13,85.03,84.91,84.79,84.63,84.62,84.59,84.54,84.52,84.49,84.47,84.43,84.40,84.38,84.37,84.36,84.36,84.37,84.39,84.42,84.45,84.48,84.51,84.54,84.58,84.59,84.61,84.62,84.63,84.66,84.69,84.77,84.89,85.00,85.10,85.22,85.34,85.46,85.59,85.70,85.86,86.01,86.22,86.50,86.63,86.70,86.73,86.74,86.73,86.70,86.65,86.60,86.50,86.43,86.38,86.33,86.25,86.17,86.07,85.91,85.75,85.61,85.46,85.36,85.29,85.23,85.20,85.17,85.22,85.34,85.40,85.46,85.61,85.72,85.77,85.79,85.81,85.81,85.81,85.81,85.81,85.81,85.81,85.81,85.81,85.81,85.81,85.82,85.83,85.84,85.83,85.84,85.85,85.88,85.91,85.98,86.07,86.16,86.25,86.38,86.53,86.67,86.82,86.94,87.02,87.11,87.19,87.27,87.34,87.40,87.49,87.58,87.68,87.80,87.93,88.06,88.20,88.34,88.48,88.65,88.79,88.93,89.07,89.21,89.38,89.53,89.69,89.85,90.04,90.26,90.48,90.72,90.97,91.21,91.47,91.70,91.92,92.12,92.32,92.55,92.76,92.95,93.11,93.29,93.44,93.60,93.73,93.80,93.86,93.91,93.93,93.96,93.98,93.98,93.99,93.97,93.95,93.93,93.91,93.90,93.90,93.91,93.91,93.92,93.91,93.92,93.91,93.90,93.90,93.91,93.90,93.89,93.88,93.87,93.84,93.83,93.81,93.78,93.76,93.72,93.68,93.62,93.56,93.46,93.35,93.20,93.04,92.83,92.61,92.36,92.08,91.72,91.33,90.78,90.26,89.72,89.21,88.78,88.19,87.47,86.82,86.39,86.07,85.71,85.50,85.28,85.11,84.96,84.80,84.69,84.67,84.70,84.69,84.64,84.63,84.62,84.64,84.67,84.70,84.69,84.76,84.86,85.08,85.26,85.51,85.75,86.00,86.23,86.41,86.55,86.67,86.79,87.03,87.23,87.50,87.83,88.07,88.28,88.50,88.71,88.83,88.93,89.02,89.12,89.21,89.32,89.42,89.48,89.52,89.53,89.53,89.50,89.48,89.45,89.42,89.32,89.20,89.15,89.12,89.08,89.09,89.10,89.11,89.13,89.16,89.19,89.23,89.27,89.32,89.38,89.42,89.46,89.51,89.55,89.62,89.69,89.82,89.91,90.12,90.31,90.55,90.92,91.48,91.99,92.50,92.98,93.53,93.98,94.39,94.68,95.01,95.28,95.44,95.54,95.64,95.72,95.78,95.87,95.92,95.96,96.02,96.07,96.10,96.12,96.15,96.19,96.24
2,경기,경부1권,성남시,분당구,64.88,64.62,64.19,64.01,63.97,63.72,63.63,63.53,63.47,63.33,63.30,63.32,63.34,63.39,63.66,63.89,63.96,64.07,64.32,64.40,64.65,64.80,64.86,64.95,65.06,65.07,65.07,65.00,64.72,64.72,64.72,64.70,64.66,64.70,64.74,64.76,64.75,64.76,64.85,64.99,65.01,64.76,64.84,64.96,65.08,65.20,65.14,65.24,65.36,65.40,65.37,65.52,65.60,65.57,65.61,65.61,65.67,65.92,66.00,66.24,66.38,66.58,66.64,66.67,66.65,66.64,66.62,66.62,66.65,66.65,66.61,66.58,66.57,66.56,66.55,66.54,66.52,66.52,66.54,66.55,66.58,66.68,66.69,66.71,66.80,66.87,66.98,67.03,67.09,67.32,67.52,67.60,67.67,67.74,67.79,67.84,67.90,67.93,67.96,67.97,68.03,68.06,68.09,68.11,68.16,68.16,68.18,68.19,68.28,68.33,68.39,68.40,68.45,68.52,68.58,68.69,68.78,68.86,68.94,69.00,69.03,69.07,69.11,69.16,69.23,69.29,69.34,69.38,69.42,69.47,69.52,69.56,69.60,69.65,69.69,69.74,69.80,69.87,69.95,70.04,70.15,70.24,70.35,70.45,70.55,70.66,70.75,70.85,70.92,70.97,71.00,71.03,71.06,71.07,71.09,71.11,71.13,71.14,71.14,71.15,71.16,71.16,71.17,71.17,71.17,71.17,71.17,71.17,71.17,71.17,71.18,71.19,71.21,71.23,71.23,71.26,71.28,71.30,71.31,71.35,71.37,71.38,71.40,71.43,71.47,71.48,71.52,71.52,71.56,71.60,71.62,71.64,71.65,71.65,71.66,71.71,71.75,71.78,71.84,71.86,71.88,71.90,71.91,71.91,71.93,71.95,71.95,71.95,71.96,71.96,71.95,71.97,71.99,72.00,72.00,72.02,72.04,72.08,72.12,72.17,72.22,72.26,72.31,72.33,72.35,72.38,72.42,72.45,72.49,72.57,72.65,72.74,72.80,72.87,73.01,73.29,73.54,73.97,74.44,74.58,74.80,75.05,75.29,75.44,75.56,75.70,75.76,75.88,76.03,76.18,76.33,76.36,76.39,76.49,76.55,76.81,76.98,77.10,77.27,77.40,77.67,78.22,78.83,79.88,80.66,81.32,81.88,82.26,82.67,82.98,83.51,83.80,84.02,84.16,84.39,84.49,84.58,84.68,84.76,84.78,84.79,84.81,84.86,84.90,84.92,84.94,84.96,84.98,84.94,85.00,85.04,85.14,85.28,85.87,86.55,87.07,87.37,87.48,87.52,87.61,87.70,87.70,87.70,87.69,87.64,87.49,87.38,87.22,87.16,87.13,86.89,86.81,86.70,86.57,86.37,86.01,85.75,85.64,85.52,85.37,85.17,85.02,84.93,84.81,84.63,84.49,84.33,84.19,84.07,83.98,83.80,83.71,83.61,83.59,83.55,83.48,83.42,83.44,83.59,83.67,83.76,83.88,83.93,83.98,84.04,84.14,84.28,84.39,84.62,84.81,85.02,85.04,85.21,85.37,85.55,85.77,85.98,86.23,86.49,86.83,87.17,87.48,87.58,87.67,87.69,87.68,87.67,87.67,87.68,87.67,87.64,87.65,87.62,87.58,87.54,87.47,87.41,87.40,87.33,87.26,87.26,87.21,87.16,87.10,87.07,87.04,87.04,87.08,87.12,87.18,87.48,87.73,87.96,88.18,88.37,88.56,88.66,88.78,88.92,89.09,89.21,89.32,89.44,89.56,89.70,89.88,89.98,90.14,90.30,90.46,90.66,91.15,91.63,92.06,92.52,92.91,93.33,93.78,94.14,94.57,94.95,95.22,95.51,95.70,95.82,96.03,96.22,96.38,96.49,96.63,96.79,96.91,97.09,97.21,97.33,97.45,97.57,97.64,97.73,97.85,97.92,98.00,98.21,98.45,98.77,99.03,99.25,99.58,99.80,100.03,100.26,100.51,100.77,100.91,101.09,101.24,101.39,101.49,101.64,101.77,101.90,102.05,102.17,102.26,102.38,102.46,102.51,102.55,102.57,102.58,102.59,102.61,102.59,102.58,102.56,102.53,102.52,102.51,102.50,102.49,102.49,102.49,102.50,102.53,102.58,102.63,102.66,102.71,102.74,102.80,102.83,102.87,102.90,102.92,102.95,102.96,102.95,102.93,102.91,102.90,102.82,102.69,102.56,102.47,102.36,102.20,102.06,101.97,101.83,101.63,101.45,101.22,100.94,100.41,99.92,99.35,98.89,98.57,97.79,96.96,96.44,95.99,95.58,95.05,94.45,93.07,92.52,92.07,91.70,91.27,91.09,90.88,90.70,90.54,90.40,90.22,90.16,90.13,90.12,90.14,90.17,90.31,90.45,90.61,90.82,91.05,91.27,91.46,91.82,91.97,92.25,92.54,92.86,93.10,93.34,93.52,93.95,94.30,94.53,94.83,95.06,95.13,95.24,95.41,95.56,95.67,95.76,95.78,95.80,95.80,95.77,95.70,95.61,95.45,95.29,95.20,95.06,94.96,94.84,94.75,94.66,94.55,94.43,94.39,94.29,94.21,94.20,94.16,94.15,94.09,94.11,94.12,94.15,94.25,94.43,94.70,95.01,95.33,95.63,95.93,96.19,96.42,96.63,96.99,97.25,97.54,97.87,98.07,98.42,98.78,98.94,99.05,99.10,99.25,99.35,99.39,99.44,99.45,99.44,99.47,99.51,99.56,99.57,99.60,99.62
3,경기,동부1권,하남시,하남시,69.21,69.05,69.02,68.93,68.85,68.85,68.80,68.76,68.73,68.74,68.84,68.82,68.91,69.01,69.11,69.21,69.37,69.55,69.69,69.69,69.69,69.64,69.61,69.61,69.61,69.58,69.53,69.53,69.49,69.46,69.37,69.23,69.21,69.18,69.30,69.38,69.55,69.67,69.88,70.12,70.48,70.60,70.66,70.66,70.74,70.71,70.63,70.60,70.53,70.53,70.66,70.81,70.81,70.88,70.88,70.95,71.12,71.23,71.30,71.30,71.35,71.48,71.54,71.54,71.54,71.52,71.54,71.54,71.51,71.47,71.45,71.45,71.44,71.42,71.42,71.45,71.45,71.45,71.45,71.42,71.40,71.44,71.47,71.54,71.60,71.69,71.77,71.86,71.97,72.11,72.25,72.40,72.46,72.49,72.57,72.57,72.57,72.57,72.58,72.58,72.58,72.58,72.58,72.64,72.72,72.77,72.83,72.87,73.03,73.20,73.36,73.41,73.77,74.14,74.43,75.00,75.45,76.07,76.51,76.99,77.34,77.74,77.93,78.13,78.29,78.48,78.64,78.86,79.00,79.12,79.20,79.34,79.52,79.60,79.68,79.77,79.82,79.94,80.01,80.15,80.26,80.41,80.50,80.65,80.80,80.83,80.94,81.00,81.06,81.14,81.14,81.14,81.08,81.05,81.05,81.04,81.00,80.98,80.96,80.96,80.94,80.85,80.83,80.81,80.81,80.80,80.79,80.78,80.78,80.78,80.78,80.76,80.75,80.75,80.72,80.65,80.64,80.60,80.53,80.47,80.46,80.46,80.46,80.46,80.46,80.47,80.47,80.47,80.47,80.47,80.47,80.47,80.47,80.47,80.48,80.48,80.52,80.58,80.63,80.63,80.63,80.63,80.62,80.62,80.62,80.60,80.58,80.58,80.58,80.58,80.58,80.57,80.57,80.56,80.54,80.55,80.55,80.51,80.48,80.45,80.45,80.45,80.39,80.38,80.36,80.40,80.43,80.51,80.68,80.91,81.05,81.18,81.18,81.18,81.19,81.23,81.28,81.39,81.62,81.62,81.62,81.62,81.63,81.63,81.63,81.67,81.74,81.81,81.85,81.91,81.94,81.94,81.94,81.94,81.96,81.96,81.96,81.98,81.98,82.10,82.21,82.30,82.51,82.65,82.84,83.01,83.25,83.55,84.13,84.47,84.79,84.97,85.16,85.29,85.53,85.73,85.89,86.04,86.11,86.19,86.24,86.33,86.40,86.55,86.61,86.85,86.94,87.10,87.20,87.27,87.41,87.58,87.82,88.22,88.60,89.30,89.55,89.72,89.83,89.90,89.96,90.02,90.11,90.06,90.02,90.00,89.96,89.95,89.94,89.64,89.35,89.22,89.15,89.11,89.01,88.90,88.84,88.64,88.40,88.11,87.93,87.89,87.70,87.46,87.14,86.90,86.68,86.44,86.34,86.20,86.03,85.74,85.43,85.30,85.21,85.13,85.10,85.11,85.27,85.47,85.79,85.96,86.10,86.14,86.19,86.44,86.55,86.66,86.79,86.83,87.10,87.25,87.54,87.71,87.91,88.31,88.59,89.02,89.42,89.95,90.31,90.70,90.88,90.99,91.13,91.24,91.38,91.42,91.47,91.61,91.81,92.07,92.53,92.81,93.02,93.20,93.22,93.17,93.15,93.14,93.06,93.02,93.00,93.18,93.42,93.77,94.13,94.53,95.10,95.77,96.39,96.88,97.36,97.82,98.17,98.49,98.66,98.82,99.01,99.20,99.36,99.53,99.69,99.80,99.96,100.14,100.30,100.49,100.62,100.76,100.91,101.08,101.23,101.51,101.79,102.05,102.36,102.77,103.08,103.45,103.80,104.28,104.66,105.05,105.40,105.87,106.12,106.31,106.45,106.51,106.61,106.70,106.76,106.78,106.89,106.93,106.93,106.97,107.01,107.01,107.04,107.16,107.29,107.39,107.52,107.62,107.88,108.15,108.34,108.67,109.00,109.23,109.41,109.51,109.63,109.74,109.84,109.94,110.07,110.17,110.31,110.47,110.59,110.61,110.67,110.67,110.71,110.72,110.64,110.62,110.56,110.51,110.45,110.42,110.35,110.22,110.19,110.10,110.01,109.93,109.87,109.83,109.81,109.75,109.74,109.74,109.70,109.65,109.67,109.65,109.64,109.59,109.49,109.40,109.28,109.20,109.10,109.00,108.86,108.69,108.50,108.22,107.93,107.65,107.40,107.13,106.81,106.51,106.21,105.86,105.46,105.01,104.52,103.92,103.33,102.68,102.14,101.42,100.50,98.91,97.84,97.04,96.18,95.33,94.42,93.13,92.00,91.23,90.55,90.00,89.43,89.06,88.88,88.53,88.20,87.99,87.95,87.99,88.13,88.22,88.33,88.49,88.71,88.94,89.21,89.60,89.90,90.21,90.65,91.03,91.44,91.89,92.34,92.73,93.10,93.42,93.85,94.25,94.53,94.90,95.16,95.49,95.71,95.90,96.09,96.27,96.43,96.60,96.81,96.84,96.83,96.82,96.59,96.56,96.49,96.43,96.44,96.40,96.45,96.40,96.33,96.31,96.19,96.12,96.07,96.02,96.00,96.07,96.14,96.14,96.21,96.24,96.20,96.26,96.31,96.32,96.36,96.44,96.46,96.56,96.62,96.69,96.82,97.21,97.64,97.92,98.28,98.56,98.91,99.06,99.25,99.36,99.46,99.63,99.67,99.74,99.84,99.91,99.93,99.94,99.92,99.91,99.89,99.82,99.74
4,경기,경의권,김포시,김포시,79.83,79.41,79.41,79.19,79.11,79.11,79.11,79.11,79.05,79.29,79.29,79.22,79.61,79.61,79.50,79.64,79.69,79.89,80.17,80.11,80.18,80.34,80.53,80.26,80.21,80.15,79.91,79.86,79.92,79.84,79.72,78.93,78.86,78.92,78.87,79.00,79.16,79.29,79.75,80.72,81.10,81.29,81.29,81.29,81.21,81.21,81.47,81.40,81.31,81.14,81.14,81.25,81.45,81.83,82.51,82.69,82.72,82.77,82.94,83.02,83.24,83.80,84.33,84.08,83.94,83.51,82.87,82.48,82.61,82.50,82.46,82.29,82.17,82.17,82.30,82.39,82.36,82.11,82.02,81.69,81.50,81.50,81.50,81.36,81.40,81.84,81.94,81.99,82.21,82.21,82.30,82.54,82.98,83.00,83.02,83.09,83.16,83.08,83.08,83.11,83.16,83.30,83.30,83.30,83.36,83.44,83.46,83.56,83.80,84.26,84.62,84.72,84.89,85.06,85.31,85.74,86.28,86.45,86.66,86.93,87.25,87.28,87.39,87.54,87.65,87.91,88.06,88.15,88.60,88.97,89.21,89.54,89.62,89.62,89.69,90.02,90.21,90.33,90.48,90.89,91.05,91.26,91.36,91.50,91.53,91.58,91.72,91.85,91.90,92.06,92.06,92.03,92.04,92.04,92.04,92.04,91.98,91.98,91.95,91.95,91.92,91.90,91.88,91.83,91.80,91.80,91.84,91.84,91.81,91.81,91.81,91.80,91.82,91.84,91.85,91.85,91.86,91.90,91.90,91.89,91.89,91.89,91.89,91.89,91.90,91.90,91.91,91.92,91.94,91.94,91.98,92.03,92.09,92.11,92.24,92.41,92.58,92.78,92.96,93.07,93.15,93.24,93.32,93.37,93.39,93.39,93.39,93.39,93.39,93.39,93.25,93.17,93.14,93.10,93.10,93.04,93.04,93.04,93.09,93.06,93.00,92.99,92.94,92.92,92.92,92.92,92.93,92.94,93.02,93.05,93.09,93.20,93.33,93.37,93.40,93.52,93.76,93.92,94.03,94.03,94.03,94.03,94.04,94.21,94.23,94.31,94.47,94.65,94.88,95.05,95.10,95.15,95.20,95.35,95.50,95.55,95.60,95.64,95.64,95.73,95.82,95.94,96.05,96.14,96.18,96.15,96.44,96.51,96.63,96.43,96.24,96.23,96.08,96.01,96.03,96.01,95.99,95.98,95.97,96.00,96.05,96.10,96.19,96.27,96.26,96.23,96.16,96.13,96.07,96.07,95.98,95.95,95.84,95.70,95.75,95.54,95.50,95.49,95.52,95.71,95.84,96.00,96.17,96.44,96.72,96.88,96.94,96.94,96.94,96.81,96.81,96.80,96.80,96.76,96.76,96.73,96.69,96.69,96.65,96.64,96.63,96.59,96.56,96.47,96.41,96.34,96.30,96.27,96.17,96.07,95.95,95.83,95.74,95.63,95.55,95.51,95.45,95.44,95.36,95.33,95.29,95.19,95.16,95.10,95.01,94.92,94.88,94.86,94.80,94.75,94.73,94.72,94.72,94.75,94.80,94.81,94.84,94.88,94.95,94.98,95.00,95.02,95.04,95.02,95.04,95.04,95.10,95.11,95.14,95.15,95.22,95.23,95.23,95.28,95.33,95.36,95.36,95.35,95.33,95.29,95.29,95.29,95.27,95.28,95.30,95.30,95.33,95.35,97.14,98.01,98.58,98.95,99.25,99.55,99.82,100.02,100.18,100.31,100.39,100.45,100.53,100.60,100.66,100.73,100.79,101.31,101.90,103.88,105.87,108.76,109.83,110.25,110.61,110.86,111.09,111.25,111.43,111.60,111.73,112.01,112.27,112.54,112.76,113.02,113.12,113.24,113.31,113.39,113.46,113.55,113.64,113.71,113.74,113.75,113.76,113.77,113.81,113.86,113.91,113.96,113.99,114.02,114.05,114.09,114.13,114.18,114.28,114.54,114.79,115.13,115.54,116.07,116.45,116.69,117.10,117.68,118.22,118.69,119.25,119.49,119.72,119.94,120.08,120.19,120.29,120.37,120.43,120.48,120.51,120.52,120.53,120.54,120.53,120.51,120.50,120.48,120.48,120.46,120.46,120.45,120.48,120.48,120.51,120.56,120.56,120.58,120.58,120.56,120.51,120.49,120.44,120.36,120.22,120.19,120.04,120.00,119.92,119.87,119.79,119.74,119.61,119.41,119.19,118.99,118.81,118.51,118.19,117.86,117.35,116.86,116.51,116.08,115.45,114.83,114.30,113.12,112.04,110.68,109.31,108.23,107.44,106.83,106.22,105.83,105.50,104.95,104.55,104.20,103.82,103.58,103.41,103.15,102.95,102.69,102.61,102.38,102.19,102.06,102.00,101.96,101.84,101.74,101.65,101.62,101.52,101.39,101.29,101.26,101.21,101.16,101.07,100.97,100.90,100.80,100.76,100.68,100.65,100.65,100.68,100.81,100.81,100.78,100.70,100.69,100.68,100.65,100.68,100.67,100.66,100.62,100.62,100.65,100.65,100.59,100.58,100.62,100.67,100.70,100.79,100.81,100.83,100.82,100.77,100.74,100.73,100.76,100.82,100.88,100.95,100.98,100.98,101.00,101.06,101.02,101.09,101.10,101.14,101.07,101.10,101.22,101.26,101.29,101.34,101.46,101.53,101.56,101.63,101.64,101.69,101.69,101.79,101.79,101.74,101.71,101.66,101.71,101.75,101.72,101.64,101.62,101.53,101.52,101.50,101.44,101.39
5,경기,경의권,고양시,고양시,76.81,76.67,76.51,76.37,76.17,75.97,75.97,75.97,75.80,75.67,75.41,75.29,75.19,75.10,75.13,75.02,75.04,75.11,75.11,75.08,75.03,75.15,75.17,75.12,75.12,75.02,74.99,74.98,74.97,74.98,74.98,75.03,75.04,75.05,75.14,75.19,75.22,75.27,75.35,75.47,75.71,75.77,75.79,75.81,75.86,75.91,76.11,76.20,76.21,76.21,76.23,76.18,76.59,76.74,76.92,77.03,77.08,77.15,77.34,77.55,77.69,77.88,78.00,78.12,78.14,78.13,78.12,78.02,77.86,77.83,77.79,77.70,77.60,77.58,77.57,77.53,77.51,77.45,77.42,77.48,77.55,77.68,77.78,77.84,77.85,77.95,78.02,78.13,78.22,78.39,78.48,78.74,78.96,79.00,79.14,79.26,79.33,79.44,79.48,79.51,79.55,79.56,79.57,79.61,79.75,79.81,79.87,79.90,80.13,80.46,80.59,80.71,81.12,81.33,81.54,81.70,81.83,82.01,82.12,82.30,82.44,82.59,82.76,82.87,82.98,83.11,83.24,83.38,83.58,83.76,83.89,83.98,84.13,84.41,84.69,84.76,84.83,84.96,85.05,85.27,85.48,85.68,85.77,85.92,86.16,86.25,86.41,86.55,86.61,86.68,86.77,86.81,86.84,86.91,86.89,86.90,86.90,86.89,86.88,86.90,86.92,86.94,86.94,86.93,86.92,86.93,86.97,86.96,86.94,86.93,86.92,86.94,86.96,87.00,87.03,87.07,87.10,87.15,87.18,87.22,87.27,87.32,87.36,87.41,87.45,87.48,87.54,87.59,87.67,87.75,87.82,87.88,88.01,88.25,88.48,88.66,88.86,89.07,89.23,89.36,89.43,89.47,89.50,89.50,89.50,89.50,89.50,89.50,89.50,89.49,89.41,89.36,89.32,89.32,89.32,89.32,89.31,89.29,89.29,89.28,89.30,89.30,89.31,89.37,89.40,89.45,89.49,89.54,89.60,89.60,89.61,89.61,89.69,89.80,89.87,90.05,90.35,90.62,90.85,90.88,90.80,90.77,90.77,90.76,90.76,90.79,90.82,90.85,90.89,90.94,90.92,90.90,90.90,90.87,90.86,90.87,90.85,90.78,90.75,90.73,90.68,90.55,90.55,90.43,90.37,90.30,90.26,90.26,90.23,90.15,90.12,90.07,90.07,90.10,90.09,90.08,90.06,90.04,90.00,89.98,89.89,89.80,89.77,89.69,89.61,89.55,89.47,89.40,89.33,89.28,89.21,89.15,89.09,89.02,89.09,89.20,89.29,89.50,89.51,89.67,89.79,90.01,90.19,90.38,90.50,90.55,90.54,90.49,90.46,90.48,90.46,90.48,90.46,90.45,90.45,90.41,90.39,90.36,90.30,90.22,90.15,90.08,90.02,89.95,89.80,89.72,89.61,89.51,89.42,89.35,89.25,89.14,89.01,88.90,88.82,88.71,88.64,88.53,88.46,88.39,88.30,88.19,88.08,87.99,87.88,87.82,87.79,87.74,87.70,87.68,87.66,87.64,87.62,87.61,87.61,87.61,87.63,87.69,87.82,87.94,88.04,88.12,88.26,88.36,88.44,88.49,88.55,88.58,88.61,88.66,88.75,88.83,88.91,88.99,89.08,89.17,89.21,89.28,89.34,89.43,89.52,89.65,89.76,89.86,89.98,90.15,90.31,90.51,90.89,91.28,91.67,91.92,92.18,92.45,92.72,92.97,93.15,93.28,93.39,93.49,93.61,93.73,93.88,94.02,94.18,94.40,94.65,94.94,95.25,95.62,96.01,96.52,97.27,98.12,99.01,99.90,100.99,101.88,102.86,103.75,104.53,105.26,105.86,106.42,106.92,107.34,107.72,108.03,108.33,108.62,108.88,109.12,109.33,109.55,109.75,109.97,110.20,110.44,110.70,110.98,111.29,111.63,112.01,112.31,112.62,112.99,113.36,113.68,114.10,114.59,115.14,115.67,116.25,116.74,117.19,117.64,118.06,118.43,118.75,119.12,119.46,119.77,120.00,120.16,120.29,120.40,120.50,120.55,120.59,120.61,120.66,120.69,120.68,120.66,120.63,120.59,120.57,120.54,120.54,120.53,120.52,120.51,120.52,120.54,120.56,120.59,120.63,120.68,120.76,120.83,120.88,120.91,120.89,120.89,120.89,120.87,120.86,120.84,120.80,120.76,120.68,120.54,120.41,120.25,120.10,119.90,119.67,119.43,119.18,118.87,118.55,118.25,117.70,116.98,116.35,115.37,114.55,113.59,112.62,111.85,110.85,110.01,109.37,108.90,108.34,107.55,106.71,105.88,105.22,104.70,104.28,103.89,103.53,103.03,102.74,102.51,102.28,102.15,101.90,101.75,101.52,101.37,101.24,101.13,101.01,100.94,100.83,100.74,100.68,100.60,100.55,100.51,100.51,100.56,100.60,100.67,100.76,100.85,100.88,100.95,101.01,101.05,101.11,101.13,101.11,101.05,101.05,100.99,100.96,100.89,100.84,100.79,100.68,100.58,100.54,100.47,100.44,100.41,100.40,100.40,100.37,100.37,100.31,100.33,100.32,100.28,100.32,100.34,100.32,100.33,100.30,100.28,100.27,100.27,100.29,100.28,100.25,100.19,100.18,100.16,100.15,100.19,100.26,100.34,100.39,100.49,100.56,100.63,100.69,100.71,100.82,100.84,100.86,100.85,100.89,100.90,100.91,100.87,100.87,100.83,100.78,100.75,100.72,100.70,100.65
6,경기,경의권,고양시,덕양구,70.16,69.98,69.81,69.65,69.52,69.48,69.48,69.48,69.28,69.28,69.09,68.98,68.92,68.80,68.86,68.62,68.79,68.80,68.90,68.86,68.78,68.77,68.81,68.73,68.64,68.56,68.53,68.52,68.52,68.52,68.52,68.64,68.65,68.65,68.72,68.89,68.93,69.04,69.26,69.40,69.54,69.58,69.62,69.69,69.69,69.69,69.73,69.87,69.84,69.84,69.76,69.72,70.12,70.25,70.36,70.45,70.55,70.62,70.76,70.99,71.03,71.03,71.05,71.11,71.11,71.10,71.10,71.09,71.07,71.07,71.05,70.89,70.88,70.87,70.71,70.69,70.66,70.70,70.64,70.66,70.77,70.94,71.04,71.04,71.08,71.20,71.25,71.29,71.34,71.53,71.59,71.94,72.06,72.11,72.21,72.27,72.35,72.46,72.52,72.57,72.71,72.74,72.77,72.79,73.03,73.10,73.19,73.23,73.49,73.96,74.04,74.18,74.76,74.92,75.16,75.30,75.40,75.57,75.61,75.73,75.84,75.99,76.09,76.16,76.21,76.29,76.38,76.55,76.63,76.71,76.82,76.92,76.97,77.40,77.65,77.72,77.81,77.96,77.99,78.33,78.64,78.87,78.94,79.18,79.39,79.54,79.73,79.80,79.88,79.96,80.05,80.03,80.05,80.11,80.07,80.09,80.09,80.08,80.04,80.04,80.07,80.11,80.11,80.10,80.06,80.08,80.12,80.12,80.11,80.11,80.11,80.12,80.15,80.19,80.23,80.27,80.31,80.35,80.38,80.42,80.46,80.49,80.53,80.57,80.62,80.64,80.69,80.73,80.78,80.84,80.91,80.93,81.12,81.42,81.64,81.82,82.02,82.26,82.39,82.54,82.59,82.62,82.68,82.68,82.68,82.68,82.68,82.68,82.68,82.68,82.59,82.53,82.50,82.50,82.50,82.50,82.48,82.45,82.47,82.49,82.51,82.51,82.57,82.63,82.64,82.67,82.71,82.78,82.84,82.82,82.79,82.77,82.77,82.87,82.94,83.11,83.33,83.56,83.77,83.80,83.66,83.66,83.66,83.66,83.65,83.73,83.77,83.81,83.81,83.85,83.85,83.84,83.88,83.86,83.85,83.83,83.82,83.80,83.78,83.76,83.71,83.62,83.63,83.42,83.38,83.33,83.29,83.33,83.30,83.27,83.23,83.20,83.25,83.30,83.33,83.35,83.38,83.40,83.41,83.43,83.37,83.29,83.29,83.26,83.28,83.22,83.15,83.16,83.16,83.08,83.01,83.00,82.99,83.10,83.21,83.41,83.70,84.22,84.29,84.63,84.77,85.08,85.39,85.75,86.04,86.15,86.12,86.12,86.10,86.22,86.23,86.26,86.27,86.26,86.26,86.24,86.22,86.21,86.17,86.12,86.11,86.04,86.01,85.94,85.78,85.70,85.58,85.48,85.39,85.31,85.27,85.18,85.07,85.00,84.92,84.85,84.75,84.68,84.61,84.57,84.49,84.43,84.38,84.29,84.26,84.22,84.21,84.19,84.17,84.18,84.18,84.18,84.16,84.16,84.17,84.18,84.18,84.23,84.31,84.42,84.49,84.54,84.63,84.70,84.75,84.80,84.87,84.92,84.97,85.03,85.20,85.32,85.49,85.62,85.76,85.90,85.96,86.09,86.22,86.43,86.61,86.83,87.02,87.18,87.37,87.61,87.80,88.03,88.53,88.95,89.37,89.65,89.99,90.33,90.69,91.01,91.27,91.49,91.67,91.84,92.05,92.26,92.46,92.64,92.82,93.11,93.44,93.78,94.14,94.60,95.06,95.48,96.12,96.93,97.82,98.78,100.01,101.07,102.18,103.26,104.15,104.91,105.57,106.24,106.83,107.41,107.94,108.32,108.70,109.07,109.42,109.72,109.98,110.19,110.36,110.51,110.69,110.87,111.16,111.52,111.86,112.20,112.60,112.91,113.25,113.66,114.05,114.41,114.84,115.37,115.98,116.55,117.19,117.76,118.31,118.80,119.27,119.67,120.03,120.44,120.78,121.09,121.31,121.47,121.65,121.77,121.87,121.94,121.99,122.02,122.05,122.06,122.04,122.01,121.96,121.91,121.87,121.81,121.79,121.76,121.67,121.61,121.57,121.56,121.55,121.56,121.55,121.56,121.60,121.61,121.58,121.54,121.45,121.34,121.27,121.15,121.07,121.01,120.92,120.85,120.73,120.55,120.34,120.11,119.86,119.56,119.20,118.86,118.52,118.12,117.68,117.30,116.50,115.37,114.40,112.78,111.61,110.41,109.15,108.22,106.72,105.60,104.84,104.51,104.20,103.32,102.32,101.44,100.84,100.40,100.01,99.77,99.41,98.77,98.58,98.44,98.37,98.32,98.22,98.21,97.98,97.82,97.84,97.86,97.85,97.87,97.85,97.82,97.76,97.68,97.62,97.60,97.63,97.72,97.78,97.85,97.97,98.10,98.13,98.24,98.32,98.40,98.45,98.46,98.48,98.43,98.49,98.43,98.42,98.43,98.49,98.49,98.42,98.33,98.33,98.33,98.47,98.54,98.63,98.81,98.84,98.94,98.97,99.09,99.20,99.27,99.39,99.49,99.57,99.62,99.65,99.68,99.65,99.66,99.73,99.74,99.84,99.85,99.93,99.91,100.04,100.16,100.29,100.38,100.50,100.66,100.75,100.80,100.82,100.82,100.96,100.98,100.99,101.02,101.09,101.13,101.16,101.16,101.18,101.18,101.13,101.14,101.09,101.04,101.00
7,경기,경의권,고양시,일산동구,76.54,76.33,76.02,75.97,75.57,75.38,75.38,75.34,75.34,75.22,74.56,74.39,74.36,74.24,74.15,74.03,74.03,74.24,74.26,74.26,74.31,74.31,74.27,74.27,74.27,74.01,73.91,73.91,73.86,73.89,73.89,73.89,73.91,73.91,74.09,74.09,74.12,74.09,74.05,74.15,74.85,75.03,74.94,74.81,74.87,74.98,75.04,75.18,75.18,75.18,75.07,74.81,75.34,75.57,75.61,75.65,75.42,75.42,75.54,75.83,75.98,76.07,76.37,76.65,76.73,76.73,76.71,76.56,76.45,76.39,76.32,76.27,75.89,75.81,75.86,75.80,75.96,75.93,76.09,76.17,76.26,76.46,76.68,76.98,76.99,77.10,77.20,77.48,77.65,78.03,78.17,78.46,78.94,78.95,79.05,79.21,79.35,79.50,79.51,79.53,79.46,79.46,79.46,79.47,79.52,79.52,79.52,79.52,79.79,80.15,80.27,80.33,80.57,80.70,80.92,81.07,81.18,81.32,81.42,81.68,81.72,81.88,82.15,82.26,82.36,82.53,82.71,82.76,82.90,83.05,83.14,83.18,83.25,83.40,83.78,83.78,83.86,84.03,84.29,84.38,84.58,84.85,84.98,85.00,85.23,85.30,85.34,85.56,85.58,85.58,85.63,85.65,85.71,85.76,85.72,85.73,85.73,85.73,85.73,85.73,85.73,85.72,85.72,85.72,85.72,85.71,85.72,85.72,85.66,85.62,85.61,85.63,85.66,85.70,85.74,85.78,85.82,85.91,85.93,86.00,86.05,86.14,86.21,86.35,86.35,86.40,86.54,86.64,86.83,86.97,87.04,87.16,87.27,87.63,87.94,88.23,88.49,88.70,88.88,89.02,89.10,89.13,89.13,89.13,89.13,89.13,89.13,89.13,89.13,89.10,89.06,89.02,88.99,88.99,88.99,88.99,88.98,88.98,88.94,88.91,88.91,88.90,88.87,88.90,88.95,89.00,89.04,89.07,89.12,89.13,89.16,89.19,89.35,89.44,89.50,89.65,89.86,90.11,90.30,90.30,90.25,90.15,90.14,90.14,90.14,90.12,90.14,90.17,90.27,90.36,90.35,90.33,90.31,90.29,90.28,90.30,90.28,90.16,90.14,90.09,90.03,89.89,89.81,89.69,89.61,89.50,89.49,89.34,89.30,89.25,89.22,89.21,89.27,89.30,89.30,89.27,89.22,89.15,89.06,89.01,88.92,88.85,88.79,88.67,88.54,88.47,88.47,88.43,88.32,88.31,88.29,88.26,88.21,88.21,88.26,88.30,88.28,88.25,88.19,88.20,88.24,88.40,88.45,88.52,88.50,88.51,88.51,88.46,88.43,88.36,88.36,88.38,88.39,88.37,88.32,88.29,88.27,88.25,88.20,88.14,88.08,88.03,88.00,87.93,87.79,87.72,87.65,87.57,87.50,87.48,87.39,87.27,87.14,87.02,86.94,86.83,86.77,86.67,86.58,86.52,86.44,86.34,86.23,86.17,86.03,85.95,85.93,85.85,85.80,85.79,85.79,85.78,85.75,85.73,85.71,85.72,85.75,85.83,85.95,86.06,86.16,86.28,86.47,86.59,86.69,86.76,86.81,86.82,86.85,86.91,86.98,87.02,87.04,87.11,87.24,87.33,87.36,87.43,87.49,87.52,87.61,87.75,87.83,87.96,88.07,88.22,88.37,88.50,88.71,89.05,89.46,89.68,89.80,89.98,90.18,90.37,90.48,90.56,90.63,90.68,90.76,90.83,90.96,91.09,91.24,91.44,91.68,91.91,92.17,92.49,92.83,93.29,93.92,94.63,95.36,96.08,96.70,97.38,98.27,98.93,99.58,100.24,100.88,101.33,101.76,102.12,102.49,102.77,103.04,103.29,103.52,103.74,103.97,104.22,104.49,104.77,105.10,105.46,105.79,106.10,106.45,106.81,107.13,107.41,107.65,107.93,108.26,108.56,108.93,109.37,109.85,110.29,110.77,111.19,111.57,111.99,112.34,112.68,113.01,113.35,113.64,113.91,114.12,114.29,114.41,114.55,114.66,114.73,114.79,114.83,114.86,114.89,114.88,114.87,114.91,114.88,114.86,114.84,114.82,114.81,114.85,114.89,114.97,115.04,115.08,115.15,115.25,115.34,115.41,115.51,115.60,115.66,115.69,115.78,115.81,115.83,115.86,115.85,115.85,115.85,115.82,115.73,115.68,115.61,115.58,115.53,115.45,115.31,115.16,114.96,114.81,114.67,114.44,114.02,113.73,113.29,112.82,112.27,111.59,111.06,110.69,110.28,109.73,109.06,108.32,107.62,106.95,106.21,105.61,105.26,105.00,104.66,104.44,104.26,104.10,104.00,103.84,103.74,103.50,103.39,103.23,103.15,102.93,102.83,102.67,102.58,102.40,102.27,102.20,102.17,102.16,102.12,102.10,102.12,102.13,102.24,102.33,102.41,102.46,102.54,102.64,102.64,102.73,102.76,102.71,102.66,102.59,102.53,102.49,102.40,102.18,102.08,101.93,101.86,101.76,101.63,101.50,101.44,101.31,101.20,101.09,100.98,100.85,100.79,100.71,100.66,100.58,100.49,100.44,100.40,100.31,100.18,100.15,100.11,100.05,100.05,99.96,99.86,99.83,99.88,99.77,99.77,99.80,99.88,99.89,99.96,100.07,100.22,100.33,100.44,100.57,100.69,100.79,100.85,100.92,100.95,100.96,100.96,100.95,100.93,100.88,100.83,100.81,100.81,100.78
8,경기,경의권,고양시,일산서구,85.40,85.34,85.29,85.12,84.99,84.57,84.57,84.59,84.34,84.07,84.00,83.92,83.70,83.69,83.76,83.81,83.65,83.70,83.57,83.54,83.46,83.81,83.83,83.79,83.89,83.87,83.92,83.90,83.90,83.91,83.91,83.91,83.91,83.94,83.98,83.93,83.96,83.99,83.99,84.11,84.13,84.13,84.22,84.29,84.39,84.43,84.95,84.95,85.01,85.01,85.22,85.32,85.65,85.76,86.13,86.32,86.50,86.63,86.94,87.06,87.31,87.81,87.92,87.99,88.01,87.96,87.96,87.78,87.42,87.37,87.34,87.30,87.28,87.31,87.42,87.38,87.25,87.06,86.91,87.00,87.00,87.06,87.06,87.02,87.00,87.07,87.14,87.21,87.30,87.30,87.38,87.50,87.67,87.71,87.93,88.10,88.11,88.19,88.22,88.24,88.24,88.24,88.24,88.31,88.40,88.51,88.55,88.61,88.78,88.91,89.09,89.25,89.54,89.86,90.04,90.21,90.40,90.62,90.82,91.02,91.28,91.43,91.63,91.76,91.96,92.13,92.29,92.43,92.85,93.16,93.34,93.46,93.79,93.98,94.22,94.32,94.38,94.44,94.50,94.66,94.74,94.85,94.94,95.09,95.37,95.39,95.61,95.78,95.83,95.94,96.05,96.20,96.22,96.28,96.31,96.31,96.31,96.31,96.31,96.38,96.40,96.41,96.41,96.41,96.41,96.44,96.48,96.48,96.45,96.44,96.44,96.46,96.48,96.50,96.53,96.56,96.59,96.61,96.64,96.67,96.72,96.76,96.78,96.80,96.85,96.87,96.90,96.93,96.97,97.03,97.10,97.17,97.23,97.29,97.48,97.60,97.75,97.93,98.09,98.21,98.29,98.33,98.35,98.35,98.35,98.35,98.35,98.35,98.35,98.35,98.24,98.21,98.15,98.15,98.15,98.14,98.14,98.14,98.13,98.12,98.14,98.13,98.13,98.18,98.23,98.30,98.35,98.40,98.46,98.48,98.52,98.54,98.65,98.77,98.85,99.08,99.56,99.89,100.19,100.24,100.19,100.19,100.18,100.17,100.16,100.19,100.21,100.23,100.26,100.28,100.25,100.21,100.16,100.13,100.12,100.14,100.12,100.03,99.97,99.97,99.93,99.76,99.80,99.79,99.74,99.65,99.62,99.65,99.65,99.48,99.46,99.33,99.24,99.24,99.18,99.15,99.08,99.03,98.97,98.91,98.80,98.67,98.61,98.52,98.34,98.27,98.13,97.92,97.80,97.78,97.67,97.49,97.35,97.02,97.05,97.08,97.00,97.00,96.97,97.03,97.16,97.32,97.42,97.50,97.49,97.49,97.49,97.41,97.34,97.32,97.24,97.25,97.18,97.16,97.19,97.12,97.10,97.03,96.94,96.81,96.68,96.59,96.47,96.39,96.25,96.15,96.05,95.91,95.82,95.74,95.56,95.40,95.26,95.12,95.02,94.87,94.82,94.67,94.59,94.48,94.37,94.19,94.02,93.91,93.74,93.64,93.60,93.52,93.45,93.38,93.32,93.30,93.28,93.25,93.26,93.25,93.26,93.34,93.52,93.65,93.79,93.90,94.08,94.20,94.29,94.32,94.38,94.40,94.41,94.43,94.45,94.49,94.51,94.52,94.53,94.57,94.58,94.56,94.55,94.51,94.51,94.52,94.54,94.56,94.61,94.70,94.82,95.04,95.39,95.77,96.12,96.37,96.62,96.85,97.06,97.26,97.40,97.46,97.51,97.55,97.58,97.63,97.74,97.85,97.98,98.11,98.31,98.56,98.85,99.16,99.50,100.14,101.11,102.11,103.10,104.02,105.28,106.10,106.96,107.80,108.55,109.30,109.77,110.32,110.74,111.02,111.24,111.49,111.70,111.91,112.11,112.30,112.43,112.63,112.83,113.08,113.30,113.55,113.71,113.87,114.13,114.46,114.85,115.16,115.48,115.87,116.24,116.54,116.97,117.44,117.98,118.52,119.11,119.55,119.94,120.37,120.78,121.13,121.40,121.73,122.11,122.46,122.70,122.86,122.94,123.02,123.12,123.13,123.13,123.14,123.21,123.26,123.28,123.26,123.21,123.19,123.17,123.16,123.20,123.23,123.27,123.28,123.30,123.33,123.35,123.39,123.43,123.53,123.65,123.79,123.90,123.97,124.01,124.08,124.14,124.19,124.23,124.26,124.26,124.23,124.17,124.05,123.94,123.80,123.67,123.52,123.34,123.15,122.93,122.65,122.34,122.03,121.56,121.14,120.66,120.11,119.47,118.52,117.72,117.00,116.18,115.40,114.84,114.35,113.58,112.86,112.08,111.27,110.48,109.73,109.18,108.55,108.10,107.54,107.06,106.60,106.12,105.87,105.41,105.05,104.78,104.59,104.35,104.04,103.82,103.65,103.50,103.35,103.28,103.19,103.10,103.05,103.02,103.06,103.08,103.11,103.16,103.22,103.23,103.26,103.26,103.28,103.34,103.36,103.30,103.22,103.19,103.14,103.10,102.96,102.88,102.79,102.68,102.54,102.48,102.37,102.17,102.05,102.00,101.85,101.79,101.75,101.63,101.57,101.44,101.29,101.29,101.29,101.17,101.16,101.10,101.08,101.11,101.12,101.16,101.13,100.96,100.85,100.73,100.68,100.54,100.51,100.53,100.61,100.60,100.65,100.67,100.70,100.77,100.78,100.81,100.76,100.75,100.66,100.63,100.59,100.55,100.45,100.42,100.34,100.27,100.22,100.21,100.20,100.14
